42dot Sans,wght@800,/quant/opsz_min,5
42dot Sans,wght@800,/quant/opsz_max,24
ABeeZee,,/quant/opsz_min,5
ABeeZee,,/quant/opsz_max,24
Abel,,/quant/opsz_min,5
Abel,,/quant/opsz_max,24
Abhaya Libre,,/quant/opsz_min,5
Abhaya Libre,,/quant/opsz_max,24
Aboreto,,/quant/opsz_min,5
Aboreto,,/quant/opsz_max,24
Abril Fatface,,/quant/opsz_min,24
Abril Fatface,,/quant/opsz_max,48
Abyssinica SIL,,/quant/opsz_min,5
Abyssinica SIL,,/quant/opsz_max,24
Acme,,/quant/opsz_min,24
Acme,,/quant/opsz_max,48
Actor,,/quant/opsz_min,5
Actor,,/quant/opsz_max,24
Adamina,,/quant/opsz_min,5
Adamina,,/quant/opsz_max,24
ADLaM Display,,/quant/opsz_min,24
ADLaM Display,,/quant/opsz_max,48
Adobe Blank,,/quant/opsz_min,5
Adobe Blank,,/quant/opsz_max,24
Advent Pro,"wdth,wght@100,100",/quant/opsz_min,24
Advent Pro,"wdth,wght@100,100",/quant/opsz_max,48
Advent Pro,"wdth,wght@100,900",/quant/opsz_min,24
Advent Pro,"wdth,wght@100,900",/quant/opsz_max,48
Advent Pro,"wdth,wght@200,100",/quant/opsz_min,24
Advent Pro,"wdth,wght@200,100",/quant/opsz_max,48
Advent Pro,"wdth,wght@200,400",/quant/opsz_min,24
Advent Pro,"wdth,wght@200,400",/quant/opsz_max,48
Advent Pro,"wdth,wght@200,900",/quant/opsz_min,24
Advent Pro,"wdth,wght@200,900",/quant/opsz_max,48
Afacad,wght@700,/quant/opsz_min,5
Afacad,wght@700,/quant/opsz_max,24
Afacad Flux,"slnt,wght@-14,100",/quant/opsz_min,24
Afacad Flux,"slnt,wght@-14,100",/quant/opsz_max,48
Afacad Flux,"slnt,wght@-14,1000",/quant/opsz_min,24
Afacad Flux,"slnt,wght@-14,1000",/quant/opsz_max,48
Afacad Flux,"slnt,wght@-14,400",/quant/opsz_min,5
Afacad Flux,"slnt,wght@-14,400",/quant/opsz_max,24
Afacad Flux,"slnt,wght@0,100",/quant/opsz_min,24
Afacad Flux,"slnt,wght@0,100",/quant/opsz_max,48
Afacad Flux,"slnt,wght@0,1000",/quant/opsz_min,24
Afacad Flux,"slnt,wght@0,1000",/quant/opsz_max,48
Afacad Flux,"slnt,wght@14,100",/quant/opsz_min,24
Afacad Flux,"slnt,wght@14,100",/quant/opsz_max,48
Afacad Flux,"slnt,wght@14,1000",/quant/opsz_min,24
Afacad Flux,"slnt,wght@14,1000",/quant/opsz_max,48
Afacad Flux,"slnt,wght@14,400",/quant/opsz_min,5
Afacad Flux,"slnt,wght@14,400",/quant/opsz_max,24
Agbalumo,,/quant/opsz_min,24
Agbalumo,,/quant/opsz_max,48
Agdasima,,/quant/opsz_min,24
Agdasima,,/quant/opsz_max,48
Agu Display,,/quant/opsz_min,48
Agu Display,,/quant/opsz_max,300
Aguafina Script,,/quant/opsz_min,24
Aguafina Script,,/quant/opsz_max,48
Akatab,,/quant/opsz_min,5
Akatab,,/quant/opsz_max,24
Akaya Kanadaka,,/quant/opsz_min,24
Akaya Kanadaka,,/quant/opsz_max,48
Akaya Telivigala,,/quant/opsz_min,24
Akaya Telivigala,,/quant/opsz_max,48
Akronim,,/quant/opsz_min,48
Akronim,,/quant/opsz_max,300
Akshar,wght@700,/quant/opsz_min,5
Akshar,wght@700,/quant/opsz_max,24
Akt,wght@100,/quant/opsz_min,24
Akt,wght@100,/quant/opsz_max,48
Akt,wght@900,/quant/opsz_min,24
Akt,wght@900,/quant/opsz_max,48
Aladin,,/quant/opsz_min,24
Aladin,,/quant/opsz_max,48
Alan Sans,wght@900,/quant/opsz_min,24
Alan Sans,wght@900,/quant/opsz_max,48
Alata,,/quant/opsz_min,5
Alata,,/quant/opsz_max,24
Alatsi,,/quant/opsz_min,5
Alatsi,,/quant/opsz_max,24
Albert Sans,wght@100,/quant/opsz_min,24
Albert Sans,wght@100,/quant/opsz_max,48
Albert Sans,wght@900,/quant/opsz_min,24
Albert Sans,wght@900,/quant/opsz_max,48
Aldrich,,/quant/opsz_min,5
Aldrich,,/quant/opsz_max,24
Alef,,/quant/opsz_min,5
Alef,,/quant/opsz_max,24
Alegreya,wght@900,/quant/opsz_min,24
Alegreya,wght@900,/quant/opsz_max,48
Alegreya Sans,,/quant/opsz_min,5
Alegreya Sans,,/quant/opsz_max,24
Alegreya Sans SC,,/quant/opsz_min,5
Alegreya Sans SC,,/quant/opsz_max,24
Alegreya SC,,/quant/opsz_min,5
Alegreya SC,,/quant/opsz_max,24
Aleo,wght@100,/quant/opsz_min,24
Aleo,wght@100,/quant/opsz_max,48
Aleo,wght@900,/quant/opsz_min,24
Aleo,wght@900,/quant/opsz_max,48
Alex Brush,,/quant/opsz_min,24
Alex Brush,,/quant/opsz_max,48
Alexandria,wght@100,/quant/opsz_min,24
Alexandria,wght@100,/quant/opsz_max,48
Alexandria,wght@900,/quant/opsz_min,24
Alexandria,wght@900,/quant/opsz_max,48
Alfa Slab One,,/quant/opsz_min,24
Alfa Slab One,,/quant/opsz_max,48
Alice,,/quant/opsz_min,5
Alice,,/quant/opsz_max,24
Alien Block,,/quant/opsz_min,48
Alien Block,,/quant/opsz_max,300
Alike,,/quant/opsz_min,5
Alike,,/quant/opsz_max,24
Alike Angular,,/quant/opsz_min,5
Alike Angular,,/quant/opsz_max,24
Alkalami,,/quant/opsz_min,24
Alkalami,,/quant/opsz_max,48
Alkatra,wght@700,/quant/opsz_min,5
Alkatra,wght@700,/quant/opsz_max,24
Allan,,/quant/opsz_min,24
Allan,,/quant/opsz_max,48
Allerta,,/quant/opsz_min,5
Allerta,,/quant/opsz_max,24
Allerta Stencil,,/quant/opsz_min,5
Allerta Stencil,,/quant/opsz_max,24
Allison,,/quant/opsz_min,24
Allison,,/quant/opsz_max,48
Allkin,,/quant/opsz_min,5
Allkin,,/quant/opsz_max,24
Allura,,/quant/opsz_min,24
Allura,,/quant/opsz_max,48
Almarai,,/quant/opsz_min,5
Almarai,,/quant/opsz_max,24
Almendra,,/quant/opsz_min,5
Almendra,,/quant/opsz_max,24
Almendra Display,,/quant/opsz_min,48
Almendra Display,,/quant/opsz_max,300
Almendra SC,,/quant/opsz_min,24
Almendra SC,,/quant/opsz_max,48
Alumni Sans,wght@900,/quant/opsz_min,24
Alumni Sans,wght@900,/quant/opsz_max,48
Alumni Sans Collegiate One,,/quant/opsz_min,48
Alumni Sans Collegiate One,,/quant/opsz_max,300
Alumni Sans Inline One,,/quant/opsz_min,24
Alumni Sans Inline One,,/quant/opsz_max,48
Alumni Sans Pinstripe,,/quant/opsz_min,24
Alumni Sans Pinstripe,,/quant/opsz_max,48
Alumni Sans SC,wght@900,/quant/opsz_min,24
Alumni Sans SC,wght@900,/quant/opsz_max,48
Alyamama,wght@900,/quant/opsz_min,24
Alyamama,wght@900,/quant/opsz_max,48
Amarante,,/quant/opsz_min,5
Amarante,,/quant/opsz_max,24
Amaranth,,/quant/opsz_min,5
Amaranth,,/quant/opsz_max,24
Amarna,wght@100,/quant/opsz_min,24
Amarna,wght@100,/quant/opsz_max,48
Amarna,wght@700,/quant/opsz_min,5
Amarna,wght@700,/quant/opsz_max,24
Amatic SC,,/quant/opsz_min,24
Amatic SC,,/quant/opsz_max,48
Amethysta,,/quant/opsz_min,5
Amethysta,,/quant/opsz_max,24
Amiko,,/quant/opsz_min,5
Amiko,,/quant/opsz_max,24
Amiri,,/quant/opsz_min,5
Amiri,,/quant/opsz_max,24
Amiri Quran,,/quant/opsz_min,5
Amiri Quran,,/quant/opsz_max,24
Amita,,/quant/opsz_min,5
Amita,,/quant/opsz_max,24
Anaheim,wght@800,/quant/opsz_min,5
Anaheim,wght@800,/quant/opsz_max,24
Ancizar Sans,wght@1000,/quant/opsz_min,24
Ancizar Sans,wght@1000,/quant/opsz_max,48
Ancizar Serif,wght@900,/quant/opsz_min,24
Ancizar Serif,wght@900,/quant/opsz_max,48
Andada Pro,wght@840,/quant/opsz_min,5
Andada Pro,wght@840,/quant/opsz_max,24
Andika,,/quant/opsz_min,5
Andika,,/quant/opsz_max,24
Anek Bangla,"wdth,wght@100,100",/quant/opsz_min,24
Anek Bangla,"wdth,wght@100,100",/quant/opsz_max,48
Anek Bangla,"wdth,wght@100,800",/quant/opsz_min,5
Anek Bangla,"wdth,wght@100,800",/quant/opsz_max,24
Anek Bangla,"wdth,wght@125,100",/quant/opsz_min,24
Anek Bangla,"wdth,wght@125,100",/quant/opsz_max,48
Anek Bangla,"wdth,wght@125,500",/quant/opsz_min,5
Anek Bangla,"wdth,wght@125,500",/quant/opsz_max,24
Anek Bangla,"wdth,wght@125,800",/quant/opsz_min,5
Anek Bangla,"wdth,wght@125,800",/quant/opsz_max,24
Anek Bangla,"wdth,wght@75,100",/quant/opsz_min,24
Anek Bangla,"wdth,wght@75,100",/quant/opsz_max,48
Anek Bangla,"wdth,wght@75,500",/quant/opsz_min,5
Anek Bangla,"wdth,wght@75,500",/quant/opsz_max,24
Anek Bangla,"wdth,wght@75,800",/quant/opsz_min,5
Anek Bangla,"wdth,wght@75,800",/quant/opsz_max,24
Anek Devanagari,"wdth,wght@100,100",/quant/opsz_min,24
Anek Devanagari,"wdth,wght@100,100",/quant/opsz_max,48
Anek Devanagari,"wdth,wght@100,800",/quant/opsz_min,5
Anek Devanagari,"wdth,wght@100,800",/quant/opsz_max,24
Anek Devanagari,"wdth,wght@125,100",/quant/opsz_min,24
Anek Devanagari,"wdth,wght@125,100",/quant/opsz_max,48
Anek Devanagari,"wdth,wght@125,500",/quant/opsz_min,5
Anek Devanagari,"wdth,wght@125,500",/quant/opsz_max,24
Anek Devanagari,"wdth,wght@125,800",/quant/opsz_min,5
Anek Devanagari,"wdth,wght@125,800",/quant/opsz_max,24
Anek Devanagari,"wdth,wght@75,100",/quant/opsz_min,24
Anek Devanagari,"wdth,wght@75,100",/quant/opsz_max,48
Anek Devanagari,"wdth,wght@75,500",/quant/opsz_min,5
Anek Devanagari,"wdth,wght@75,500",/quant/opsz_max,24
Anek Devanagari,"wdth,wght@75,800",/quant/opsz_min,5
Anek Devanagari,"wdth,wght@75,800",/quant/opsz_max,24
Anek Gujarati,"wdth,wght@100,100",/quant/opsz_min,24
Anek Gujarati,"wdth,wght@100,100",/quant/opsz_max,48
Anek Gujarati,"wdth,wght@100,800",/quant/opsz_min,5
Anek Gujarati,"wdth,wght@100,800",/quant/opsz_max,24
Anek Gujarati,"wdth,wght@125,100",/quant/opsz_min,24
Anek Gujarati,"wdth,wght@125,100",/quant/opsz_max,48
Anek Gujarati,"wdth,wght@125,500",/quant/opsz_min,5
Anek Gujarati,"wdth,wght@125,500",/quant/opsz_max,24
Anek Gujarati,"wdth,wght@125,800",/quant/opsz_min,5
Anek Gujarati,"wdth,wght@125,800",/quant/opsz_max,24
Anek Gujarati,"wdth,wght@75,100",/quant/opsz_min,24
Anek Gujarati,"wdth,wght@75,100",/quant/opsz_max,48
Anek Gujarati,"wdth,wght@75,500",/quant/opsz_min,5
Anek Gujarati,"wdth,wght@75,500",/quant/opsz_max,24
Anek Gujarati,"wdth,wght@75,800",/quant/opsz_min,5
Anek Gujarati,"wdth,wght@75,800",/quant/opsz_max,24
Anek Gurmukhi,"wdth,wght@100,100",/quant/opsz_min,24
Anek Gurmukhi,"wdth,wght@100,100",/quant/opsz_max,48
Anek Gurmukhi,"wdth,wght@100,800",/quant/opsz_min,5
Anek Gurmukhi,"wdth,wght@100,800",/quant/opsz_max,24
Anek Gurmukhi,"wdth,wght@125,100",/quant/opsz_min,24
Anek Gurmukhi,"wdth,wght@125,100",/quant/opsz_max,48
Anek Gurmukhi,"wdth,wght@125,500",/quant/opsz_min,5
Anek Gurmukhi,"wdth,wght@125,500",/quant/opsz_max,24
Anek Gurmukhi,"wdth,wght@125,800",/quant/opsz_min,5
Anek Gurmukhi,"wdth,wght@125,800",/quant/opsz_max,24
Anek Gurmukhi,"wdth,wght@75,100",/quant/opsz_min,24
Anek Gurmukhi,"wdth,wght@75,100",/quant/opsz_max,48
Anek Gurmukhi,"wdth,wght@75,500",/quant/opsz_min,5
Anek Gurmukhi,"wdth,wght@75,500",/quant/opsz_max,24
Anek Gurmukhi,"wdth,wght@75,800",/quant/opsz_min,5
Anek Gurmukhi,"wdth,wght@75,800",/quant/opsz_max,24
Anek Kannada,"wdth,wght@100,100",/quant/opsz_min,24
Anek Kannada,"wdth,wght@100,100",/quant/opsz_max,48
Anek Kannada,"wdth,wght@100,800",/quant/opsz_min,5
Anek Kannada,"wdth,wght@100,800",/quant/opsz_max,24
Anek Kannada,"wdth,wght@125,100",/quant/opsz_min,24
Anek Kannada,"wdth,wght@125,100",/quant/opsz_max,48
Anek Kannada,"wdth,wght@125,500",/quant/opsz_min,5
Anek Kannada,"wdth,wght@125,500",/quant/opsz_max,24
Anek Kannada,"wdth,wght@125,800",/quant/opsz_min,5
Anek Kannada,"wdth,wght@125,800",/quant/opsz_max,24
Anek Kannada,"wdth,wght@75,100",/quant/opsz_min,24
Anek Kannada,"wdth,wght@75,100",/quant/opsz_max,48
Anek Kannada,"wdth,wght@75,500",/quant/opsz_min,5
Anek Kannada,"wdth,wght@75,500",/quant/opsz_max,24
Anek Kannada,"wdth,wght@75,800",/quant/opsz_min,5
Anek Kannada,"wdth,wght@75,800",/quant/opsz_max,24
Anek Latin,"wdth,wght@100,100",/quant/opsz_min,24
Anek Latin,"wdth,wght@100,100",/quant/opsz_max,48
Anek Latin,"wdth,wght@100,800",/quant/opsz_min,5
Anek Latin,"wdth,wght@100,800",/quant/opsz_max,24
Anek Latin,"wdth,wght@125,100",/quant/opsz_min,24
Anek Latin,"wdth,wght@125,100",/quant/opsz_max,48
Anek Latin,"wdth,wght@125,500",/quant/opsz_min,5
Anek Latin,"wdth,wght@125,500",/quant/opsz_max,24
Anek Latin,"wdth,wght@125,800",/quant/opsz_min,5
Anek Latin,"wdth,wght@125,800",/quant/opsz_max,24
Anek Latin,"wdth,wght@75,100",/quant/opsz_min,24
Anek Latin,"wdth,wght@75,100",/quant/opsz_max,48
Anek Latin,"wdth,wght@75,500",/quant/opsz_min,5
Anek Latin,"wdth,wght@75,500",/quant/opsz_max,24
Anek Latin,"wdth,wght@75,800",/quant/opsz_min,5
Anek Latin,"wdth,wght@75,800",/quant/opsz_max,24
Anek Malayalam,"wdth,wght@100,100",/quant/opsz_min,24
Anek Malayalam,"wdth,wght@100,100",/quant/opsz_max,48
Anek Malayalam,"wdth,wght@100,800",/quant/opsz_min,5
Anek Malayalam,"wdth,wght@100,800",/quant/opsz_max,24
Anek Malayalam,"wdth,wght@125,100",/quant/opsz_min,24
Anek Malayalam,"wdth,wght@125,100",/quant/opsz_max,48
Anek Malayalam,"wdth,wght@125,500",/quant/opsz_min,5
Anek Malayalam,"wdth,wght@125,500",/quant/opsz_max,24
Anek Malayalam,"wdth,wght@125,800",/quant/opsz_min,5
Anek Malayalam,"wdth,wght@125,800",/quant/opsz_max,24
Anek Malayalam,"wdth,wght@75,100",/quant/opsz_min,24
Anek Malayalam,"wdth,wght@75,100",/quant/opsz_max,48
Anek Malayalam,"wdth,wght@75,500",/quant/opsz_min,5
Anek Malayalam,"wdth,wght@75,500",/quant/opsz_max,24
Anek Malayalam,"wdth,wght@75,800",/quant/opsz_min,5
Anek Malayalam,"wdth,wght@75,800",/quant/opsz_max,24
Anek Odia,"wdth,wght@100,100",/quant/opsz_min,24
Anek Odia,"wdth,wght@100,100",/quant/opsz_max,48
Anek Odia,"wdth,wght@100,800",/quant/opsz_min,5
Anek Odia,"wdth,wght@100,800",/quant/opsz_max,24
Anek Odia,"wdth,wght@125,100",/quant/opsz_min,24
Anek Odia,"wdth,wght@125,100",/quant/opsz_max,48
Anek Odia,"wdth,wght@125,500",/quant/opsz_min,5
Anek Odia,"wdth,wght@125,500",/quant/opsz_max,24
Anek Odia,"wdth,wght@125,800",/quant/opsz_min,5
Anek Odia,"wdth,wght@125,800",/quant/opsz_max,24
Anek Odia,"wdth,wght@75,100",/quant/opsz_min,24
Anek Odia,"wdth,wght@75,100",/quant/opsz_max,48
Anek Odia,"wdth,wght@75,500",/quant/opsz_min,5
Anek Odia,"wdth,wght@75,500",/quant/opsz_max,24
Anek Odia,"wdth,wght@75,800",/quant/opsz_min,5
Anek Odia,"wdth,wght@75,800",/quant/opsz_max,24
Anek Tamil,"wdth,wght@100,100",/quant/opsz_min,24
Anek Tamil,"wdth,wght@100,100",/quant/opsz_max,48
Anek Tamil,"wdth,wght@100,800",/quant/opsz_min,5
Anek Tamil,"wdth,wght@100,800",/quant/opsz_max,24
Anek Tamil,"wdth,wght@125,100",/quant/opsz_min,24
Anek Tamil,"wdth,wght@125,100",/quant/opsz_max,48
Anek Tamil,"wdth,wght@125,500",/quant/opsz_min,5
Anek Tamil,"wdth,wght@125,500",/quant/opsz_max,24
Anek Tamil,"wdth,wght@125,800",/quant/opsz_min,5
Anek Tamil,"wdth,wght@125,800",/quant/opsz_max,24
Anek Tamil,"wdth,wght@75,100",/quant/opsz_min,24
Anek Tamil,"wdth,wght@75,100",/quant/opsz_max,48
Anek Tamil,"wdth,wght@75,500",/quant/opsz_min,5
Anek Tamil,"wdth,wght@75,500",/quant/opsz_max,24
Anek Tamil,"wdth,wght@75,800",/quant/opsz_min,5
Anek Tamil,"wdth,wght@75,800",/quant/opsz_max,24
Anek Telugu,"wdth,wght@100,100",/quant/opsz_min,24
Anek Telugu,"wdth,wght@100,100",/quant/opsz_max,48
Anek Telugu,"wdth,wght@100,800",/quant/opsz_min,5
Anek Telugu,"wdth,wght@100,800",/quant/opsz_max,24
Anek Telugu,"wdth,wght@125,100",/quant/opsz_min,24
Anek Telugu,"wdth,wght@125,100",/quant/opsz_max,48
Anek Telugu,"wdth,wght@125,500",/quant/opsz_min,5
Anek Telugu,"wdth,wght@125,500",/quant/opsz_max,24
Anek Telugu,"wdth,wght@125,800",/quant/opsz_min,5
Anek Telugu,"wdth,wght@125,800",/quant/opsz_max,24
Anek Telugu,"wdth,wght@75,100",/quant/opsz_min,24
Anek Telugu,"wdth,wght@75,100",/quant/opsz_max,48
Anek Telugu,"wdth,wght@75,500",/quant/opsz_min,5
Anek Telugu,"wdth,wght@75,500",/quant/opsz_max,24
Anek Telugu,"wdth,wght@75,800",/quant/opsz_min,5
Anek Telugu,"wdth,wght@75,800",/quant/opsz_max,24
Angkor,,/quant/opsz_min,24
Angkor,,/quant/opsz_max,48
Annapurna SIL,,/quant/opsz_min,5
Annapurna SIL,,/quant/opsz_max,24
Annie Use Your Telescope,,/quant/opsz_min,24
Annie Use Your Telescope,,/quant/opsz_max,48
Anonymous Pro,,/quant/opsz_min,5
Anonymous Pro,,/quant/opsz_max,24
Anta,,/quant/opsz_min,5
Anta,,/quant/opsz_max,24
Antic,,/quant/opsz_min,5
Antic,,/quant/opsz_max,24
Antic Didone,,/quant/opsz_min,5
Antic Didone,,/quant/opsz_max,24
Antic Slab,,/quant/opsz_min,5
Antic Slab,,/quant/opsz_max,24
Anton,,/quant/opsz_min,24
Anton,,/quant/opsz_max,48
Anton SC,,/quant/opsz_min,24
Anton SC,,/quant/opsz_max,48
Antonio,wght@100,/quant/opsz_min,24
Antonio,wght@100,/quant/opsz_max,48
Antonio,wght@700,/quant/opsz_min,24
Antonio,wght@700,/quant/opsz_max,48
Anuphan,wght@100,/quant/opsz_min,24
Anuphan,wght@100,/quant/opsz_max,48
Anuphan,wght@700,/quant/opsz_min,5
Anuphan,wght@700,/quant/opsz_max,24
Anybody,"wdth,wght@100,900",/quant/opsz_min,24
Anybody,"wdth,wght@100,900",/quant/opsz_max,48
Anybody,"wdth,wght@150,100",/quant/opsz_min,24
Anybody,"wdth,wght@150,100",/quant/opsz_max,48
Anybody,"wdth,wght@150,900",/quant/opsz_min,24
Anybody,"wdth,wght@150,900",/quant/opsz_max,48
Anybody,"wdth,wght@50,100",/quant/opsz_min,24
Anybody,"wdth,wght@50,100",/quant/opsz_max,48
Anybody,"wdth,wght@50,900",/quant/opsz_min,24
Anybody,"wdth,wght@50,900",/quant/opsz_max,48
Aoboshi One,,/quant/opsz_min,5
Aoboshi One,,/quant/opsz_max,24
AR One Sans,"ARRR,wght@10,700",/quant/opsz_min,5
AR One Sans,"ARRR,wght@10,700",/quant/opsz_max,24
AR One Sans,"ARRR,wght@60,400",/quant/opsz_min,5
AR One Sans,"ARRR,wght@60,400",/quant/opsz_max,24
AR One Sans,"ARRR,wght@60,700",/quant/opsz_min,5
AR One Sans,"ARRR,wght@60,700",/quant/opsz_max,24
Arapey,,/quant/opsz_min,5
Arapey,,/quant/opsz_max,24
Arbutus,,/quant/opsz_min,24
Arbutus,,/quant/opsz_max,48
Arbutus Slab,,/quant/opsz_min,5
Arbutus Slab,,/quant/opsz_max,24
Architects Daughter,,/quant/opsz_min,24
Architects Daughter,,/quant/opsz_max,48
Archivo,"wdth,wght@100,100",/quant/opsz_min,24
Archivo,"wdth,wght@100,100",/quant/opsz_max,48
Archivo,"wdth,wght@100,900",/quant/opsz_min,24
Archivo,"wdth,wght@100,900",/quant/opsz_max,48
Archivo,"wdth,wght@125,100",/quant/opsz_min,24
Archivo,"wdth,wght@125,100",/quant/opsz_max,48
Archivo,"wdth,wght@125,600",/quant/opsz_min,5
Archivo,"wdth,wght@125,600",/quant/opsz_max,24
Archivo,"wdth,wght@125,900",/quant/opsz_min,24
Archivo,"wdth,wght@125,900",/quant/opsz_max,48
Archivo,"wdth,wght@62,100",/quant/opsz_min,24
Archivo,"wdth,wght@62,100",/quant/opsz_max,48
Archivo,"wdth,wght@62,600",/quant/opsz_min,5
Archivo,"wdth,wght@62,600",/quant/opsz_max,24
Archivo,"wdth,wght@62,900",/quant/opsz_min,24
Archivo,"wdth,wght@62,900",/quant/opsz_max,48
Archivo Black,,/quant/opsz_min,24
Archivo Black,,/quant/opsz_max,48
Archivo Narrow,wght@700,/quant/opsz_min,5
Archivo Narrow,wght@700,/quant/opsz_max,24
Are You Serious,,/quant/opsz_min,24
Are You Serious,,/quant/opsz_max,48
Aref Ruqaa,,/quant/opsz_min,5
Aref Ruqaa,,/quant/opsz_max,24
Aref Ruqaa Ink,,/quant/opsz_min,5
Aref Ruqaa Ink,,/quant/opsz_max,24
Arima,wght@700,/quant/opsz_min,5
Arima,wght@700,/quant/opsz_max,24
Arimo,wght@700,/quant/opsz_min,5
Arimo,wght@700,/quant/opsz_max,24
Arizonia,,/quant/opsz_min,24
Arizonia,,/quant/opsz_max,48
Armata,,/quant/opsz_min,5
Armata,,/quant/opsz_max,24
Arsenal,,/quant/opsz_min,5
Arsenal,,/quant/opsz_max,24
Arsenal SC,,/quant/opsz_min,5
Arsenal SC,,/quant/opsz_max,24
Artifika,,/quant/opsz_min,5
Artifika,,/quant/opsz_max,24
Arvo,,/quant/opsz_min,5
Arvo,,/quant/opsz_max,24
Arya,,/quant/opsz_min,5
Arya,,/quant/opsz_max,24
Asap,"wdth,wght@100,100",/quant/opsz_min,24
Asap,"wdth,wght@100,100",/quant/opsz_max,48
Asap,"wdth,wght@100,900",/quant/opsz_min,24
Asap,"wdth,wght@100,900",/quant/opsz_max,48
Asap,"wdth,wght@125,100",/quant/opsz_min,24
Asap,"wdth,wght@125,100",/quant/opsz_max,48
Asap,"wdth,wght@125,400",/quant/opsz_min,5
Asap,"wdth,wght@125,400",/quant/opsz_max,24
Asap,"wdth,wght@125,900",/quant/opsz_min,24
Asap,"wdth,wght@125,900",/quant/opsz_max,48
Asap,"wdth,wght@75,100",/quant/opsz_min,24
Asap,"wdth,wght@75,100",/quant/opsz_max,48
Asap,"wdth,wght@75,400",/quant/opsz_min,5
Asap,"wdth,wght@75,400",/quant/opsz_max,24
Asap,"wdth,wght@75,900",/quant/opsz_min,24
Asap,"wdth,wght@75,900",/quant/opsz_max,48
Asap Condensed,,/quant/opsz_min,5
Asap Condensed,,/quant/opsz_max,24
Asar,,/quant/opsz_min,5
Asar,,/quant/opsz_max,24
Asimovian,,/quant/opsz_min,5
Asimovian,,/quant/opsz_max,24
Asset,,/quant/opsz_min,24
Asset,,/quant/opsz_max,48
Assistant,wght@800,/quant/opsz_min,5
Assistant,wght@800,/quant/opsz_max,24
Asta Sans,wght@800,/quant/opsz_min,5
Asta Sans,wght@800,/quant/opsz_max,24
Astloch,,/quant/opsz_min,24
Astloch,,/quant/opsz_max,48
Asul,,/quant/opsz_min,5
Asul,,/quant/opsz_max,24
Athiti,,/quant/opsz_min,5
Athiti,,/quant/opsz_max,24
Atkinson Hyperlegible,,/quant/opsz_min,5
Atkinson Hyperlegible,,/quant/opsz_max,24
Atkinson Hyperlegible Mono,wght@800,/quant/opsz_min,5
Atkinson Hyperlegible Mono,wght@800,/quant/opsz_max,24
Atkinson Hyperlegible Next,wght@200,/quant/opsz_min,24
Atkinson Hyperlegible Next,wght@200,/quant/opsz_max,48
Atkinson Hyperlegible Next,wght@800,/quant/opsz_min,5
Atkinson Hyperlegible Next,wght@800,/quant/opsz_max,24
Atma,,/quant/opsz_min,24
Atma,,/quant/opsz_max,48
Atomic Age,,/quant/opsz_min,5
Atomic Age,,/quant/opsz_max,24
Aubrey,,/quant/opsz_min,5
Aubrey,,/quant/opsz_max,24
Audiowide,,/quant/opsz_min,5
Audiowide,,/quant/opsz_max,24
Autour One,,/quant/opsz_min,5
Autour One,,/quant/opsz_max,24
Average,,/quant/opsz_min,5
Average,,/quant/opsz_max,24
Average Sans,,/quant/opsz_min,5
Average Sans,,/quant/opsz_max,24
Averia Gruesa Libre,,/quant/opsz_min,5
Averia Gruesa Libre,,/quant/opsz_max,24
Averia Libre,,/quant/opsz_min,5
Averia Libre,,/quant/opsz_max,24
Averia Sans Libre,,/quant/opsz_min,5
Averia Sans Libre,,/quant/opsz_max,24
Averia Serif Libre,,/quant/opsz_min,5
Averia Serif Libre,,/quant/opsz_max,24
Azeret Mono,wght@900,/quant/opsz_min,24
Azeret Mono,wght@900,/quant/opsz_max,48
B612,,/quant/opsz_min,5
B612,,/quant/opsz_max,24
B612 Mono,,/quant/opsz_min,5
B612 Mono,,/quant/opsz_max,24
Babylonica,,/quant/opsz_min,24
Babylonica,,/quant/opsz_max,48
Bacasime Antique,,/quant/opsz_min,5
Bacasime Antique,,/quant/opsz_max,24
Bad Script,,/quant/opsz_min,24
Bad Script,,/quant/opsz_max,48
Badeen Display,,/quant/opsz_min,48
Badeen Display,,/quant/opsz_max,300
Bagel Fat One,,/quant/opsz_min,24
Bagel Fat One,,/quant/opsz_max,48
Bahiana,,/quant/opsz_min,48
Bahiana,,/quant/opsz_max,300
Bahianita,,/quant/opsz_min,48
Bahianita,,/quant/opsz_max,300
Bai Jamjuree,,/quant/opsz_min,5
Bai Jamjuree,,/quant/opsz_max,24
Bakbak One,,/quant/opsz_min,24
Bakbak One,,/quant/opsz_max,48
Ballet,,/quant/opsz_min,24
Ballet,,/quant/opsz_max,48
Baloo 2,wght@800,/quant/opsz_min,5
Baloo 2,wght@800,/quant/opsz_max,24
Baloo Bhai 2,wght@800,/quant/opsz_min,5
Baloo Bhai 2,wght@800,/quant/opsz_max,24
Baloo Bhaijaan 2,wght@800,/quant/opsz_min,5
Baloo Bhaijaan 2,wght@800,/quant/opsz_max,24
Baloo Bhaina 2,wght@800,/quant/opsz_min,5
Baloo Bhaina 2,wght@800,/quant/opsz_max,24
Baloo Chettan 2,wght@800,/quant/opsz_min,5
Baloo Chettan 2,wght@800,/quant/opsz_max,24
Baloo Da 2,wght@800,/quant/opsz_min,5
Baloo Da 2,wght@800,/quant/opsz_max,24
Baloo Paaji 2,wght@800,/quant/opsz_min,5
Baloo Paaji 2,wght@800,/quant/opsz_max,24
Baloo Tamma 2,wght@800,/quant/opsz_min,5
Baloo Tamma 2,wght@800,/quant/opsz_max,24
Baloo Tammudu 2,wght@800,/quant/opsz_min,5
Baloo Tammudu 2,wght@800,/quant/opsz_max,24
Baloo Thambi 2,wght@800,/quant/opsz_min,5
Baloo Thambi 2,wght@800,/quant/opsz_max,24
Balsamiq Sans,,/quant/opsz_min,5
Balsamiq Sans,,/quant/opsz_max,24
Balthazar,,/quant/opsz_min,5
Balthazar,,/quant/opsz_max,24
Bangers,,/quant/opsz_min,24
Bangers,,/quant/opsz_max,48
Barlow,,/quant/opsz_min,5
Barlow,,/quant/opsz_max,24
Barlow Condensed,,/quant/opsz_min,5
Barlow Condensed,,/quant/opsz_max,24
Barlow Semi Condensed,,/quant/opsz_min,5
Barlow Semi Condensed,,/quant/opsz_max,24
Barriecito,,/quant/opsz_min,48
Barriecito,,/quant/opsz_max,300
Barrio,,/quant/opsz_min,48
Barrio,,/quant/opsz_max,300
Basic,,/quant/opsz_min,5
Basic,,/quant/opsz_max,24
Baskervville,wght@700,/quant/opsz_min,5
Baskervville,wght@700,/quant/opsz_max,24
Baskervville SC,wght@700,/quant/opsz_min,5
Baskervville SC,wght@700,/quant/opsz_max,24
Battambang,,/quant/opsz_min,5
Battambang,,/quant/opsz_max,24
Baumans,,/quant/opsz_min,5
Baumans,,/quant/opsz_max,24
Bayon,,/quant/opsz_min,24
Bayon,,/quant/opsz_max,48
BBH Bartle,,/quant/opsz_min,24
BBH Bartle,,/quant/opsz_max,48
BBH Bogle,,/quant/opsz_min,24
BBH Bogle,,/quant/opsz_max,48
BBH Hegarty,,/quant/opsz_min,24
BBH Hegarty,,/quant/opsz_max,48
Be Vietnam Pro,,/quant/opsz_min,5
Be Vietnam Pro,,/quant/opsz_max,24
Beau Rivage,,/quant/opsz_min,24
Beau Rivage,,/quant/opsz_max,48
Bebas Neue,,/quant/opsz_min,24
Bebas Neue,,/quant/opsz_max,48
Beiruti,wght@200,/quant/opsz_min,24
Beiruti,wght@200,/quant/opsz_max,48
Beiruti,wght@900,/quant/opsz_min,24
Beiruti,wght@900,/quant/opsz_max,48
Belanosima,,/quant/opsz_min,24
Belanosima,,/quant/opsz_max,48
Belgrano,,/quant/opsz_min,5
Belgrano,,/quant/opsz_max,24
Bellefair,,/quant/opsz_min,5
Bellefair,,/quant/opsz_max,24
Belleza,,/quant/opsz_min,5
Belleza,,/quant/opsz_max,24
Bellota,,/quant/opsz_min,5
Bellota,,/quant/opsz_max,24
Bellota Text,,/quant/opsz_min,5
Bellota Text,,/quant/opsz_max,24
BenchNine,,/quant/opsz_min,24
BenchNine,,/quant/opsz_max,48
Benne,,/quant/opsz_min,5
Benne,,/quant/opsz_max,24
Bentham,,/quant/opsz_min,5
Bentham,,/quant/opsz_max,24
Berkshire Swash,,/quant/opsz_min,24
Berkshire Swash,,/quant/opsz_max,48
Besley,wght@900,/quant/opsz_min,24
Besley,wght@900,/quant/opsz_max,48
Betania Patmos,,/quant/opsz_min,5
Betania Patmos,,/quant/opsz_max,24
Betania Patmos GDL,,/quant/opsz_min,24
Betania Patmos GDL,,/quant/opsz_max,48
Betania Patmos In,,/quant/opsz_min,24
Betania Patmos In,,/quant/opsz_max,48
Betania Patmos In GDL,,/quant/opsz_min,24
Betania Patmos In GDL,,/quant/opsz_max,48
Beth Ellen,,/quant/opsz_min,24
Beth Ellen,,/quant/opsz_max,48
Bevan,,/quant/opsz_min,24
Bevan,,/quant/opsz_max,48
BhuTuka Expanded One,,/quant/opsz_min,24
BhuTuka Expanded One,,/quant/opsz_max,48
Big Shoulders,,/quant/opsz_min,24
Big Shoulders,,/quant/opsz_max,48
Big Shoulders Display,wght@900,/quant/opsz_min,24
Big Shoulders Display,wght@900,/quant/opsz_max,48
Big Shoulders Inline,,/quant/opsz_min,48
Big Shoulders Inline,,/quant/opsz_max,300
Big Shoulders Inline Display,wght@900,/quant/opsz_min,24
Big Shoulders Inline Display,wght@900,/quant/opsz_max,48
Big Shoulders Inline Text,wght@900,/quant/opsz_min,24
Big Shoulders Inline Text,wght@900,/quant/opsz_max,48
Big Shoulders Stencil,,/quant/opsz_min,24
Big Shoulders Stencil,,/quant/opsz_max,48
Big Shoulders Stencil Display,wght@900,/quant/opsz_min,24
Big Shoulders Stencil Display,wght@900,/quant/opsz_max,48
Big Shoulders Stencil Text,wght@900,/quant/opsz_min,24
Big Shoulders Stencil Text,wght@900,/quant/opsz_max,48
Big Shoulders Text,wght@900,/quant/opsz_min,24
Big Shoulders Text,wght@900,/quant/opsz_max,48
Bigelow Rules,,/quant/opsz_min,24
Bigelow Rules,,/quant/opsz_max,48
Bigshot One,,/quant/opsz_min,24
Bigshot One,,/quant/opsz_max,48
Bilbo,,/quant/opsz_min,24
Bilbo,,/quant/opsz_max,48
Bilbo Swash Caps,,/quant/opsz_min,24
Bilbo Swash Caps,,/quant/opsz_max,48
BioRhyme,"wdth,wght@100,200",/quant/opsz_min,24
BioRhyme,"wdth,wght@100,200",/quant/opsz_max,48
BioRhyme,"wdth,wght@125,200",/quant/opsz_min,24
BioRhyme,"wdth,wght@125,200",/quant/opsz_max,48
BioRhyme,"wdth,wght@125,800",/quant/opsz_min,5
BioRhyme,"wdth,wght@125,800",/quant/opsz_max,24
BioRhyme Expanded,,/quant/opsz_min,5
BioRhyme Expanded,,/quant/opsz_max,24
Birthstone,,/quant/opsz_min,24
Birthstone,,/quant/opsz_max,48
Birthstone Bounce,,/quant/opsz_min,24
Birthstone Bounce,,/quant/opsz_max,48
Biryani,,/quant/opsz_min,5
Biryani,,/quant/opsz_max,24
Bitcount,,/quant/opsz_min,48
Bitcount,,/quant/opsz_max,300
Bitcount Grid Double,,/quant/opsz_min,48
Bitcount Grid Double,,/quant/opsz_max,300
Bitcount Grid Double Ink,,/quant/opsz_min,48
Bitcount Grid Double Ink,,/quant/opsz_max,300
Bitcount Grid Single,,/quant/opsz_min,48
Bitcount Grid Single,,/quant/opsz_max,300
Bitcount Grid Single Ink,,/quant/opsz_min,48
Bitcount Grid Single Ink,,/quant/opsz_max,300
Bitcount Ink,,/quant/opsz_min,48
Bitcount Ink,,/quant/opsz_max,300
Bitcount Prop Double,,/quant/opsz_min,48
Bitcount Prop Double,,/quant/opsz_max,300
Bitcount Prop Double Ink,,/quant/opsz_min,48
Bitcount Prop Double Ink,,/quant/opsz_max,300
Bitcount Prop Single,,/quant/opsz_min,48
Bitcount Prop Single,,/quant/opsz_max,300
Bitcount Prop Single Ink,,/quant/opsz_min,48
Bitcount Prop Single Ink,,/quant/opsz_max,300
Bitcount Single,,/quant/opsz_min,24
Bitcount Single,,/quant/opsz_max,48
Bitcount Single Ink,,/quant/opsz_min,48
Bitcount Single Ink,,/quant/opsz_max,300
Bitter,wght@900,/quant/opsz_min,24
Bitter,wght@900,/quant/opsz_max,48
BIZ UDGothic,,/quant/opsz_min,5
BIZ UDGothic,,/quant/opsz_max,24
BIZ UDMincho,,/quant/opsz_min,5
BIZ UDMincho,,/quant/opsz_max,24
BIZ UDPGothic,,/quant/opsz_min,5
BIZ UDPGothic,,/quant/opsz_max,24
BIZ UDPMincho,,/quant/opsz_min,5
BIZ UDPMincho,,/quant/opsz_max,24
BJCree,,/quant/opsz_min,5
BJCree,,/quant/opsz_max,24
Black And White Picture,,/quant/opsz_min,24
Black And White Picture,,/quant/opsz_max,48
Black Han Sans,,/quant/opsz_min,24
Black Han Sans,,/quant/opsz_max,48
Black Ops One,,/quant/opsz_min,48
Black Ops One,,/quant/opsz_max,300
Blaka,,/quant/opsz_min,24
Blaka,,/quant/opsz_max,48
Blaka Hollow,,/quant/opsz_min,48
Blaka Hollow,,/quant/opsz_max,300
Blaka Ink,,/quant/opsz_min,48
Blaka Ink,,/quant/opsz_max,300
Blinker,,/quant/opsz_min,5
Blinker,,/quant/opsz_max,24
Bodoni Moda,,/quant/opsz_min,5
Bodoni Moda,,/quant/opsz_max,24
Bodoni Moda SC,,/quant/opsz_min,5
Bodoni Moda SC,,/quant/opsz_max,24
Bokor,,/quant/opsz_min,24
Bokor,,/quant/opsz_max,48
Boldonse,,/quant/opsz_min,24
Boldonse,,/quant/opsz_max,48
Bona Nova,,/quant/opsz_min,5
Bona Nova,,/quant/opsz_max,24
Bona Nova SC,,/quant/opsz_min,5
Bona Nova SC,,/quant/opsz_max,24
Bonbon,,/quant/opsz_min,24
Bonbon,,/quant/opsz_max,48
Bonheur Royale,,/quant/opsz_min,24
Bonheur Royale,,/quant/opsz_max,48
Boogaloo,,/quant/opsz_min,24
Boogaloo,,/quant/opsz_max,48
Borel,,/quant/opsz_min,24
Borel,,/quant/opsz_max,48
Bowlby One,,/quant/opsz_min,24
Bowlby One,,/quant/opsz_max,48
Bowlby One SC,,/quant/opsz_min,24
Bowlby One SC,,/quant/opsz_max,48
Bpmf Huninn,,/quant/opsz_min,5
Bpmf Huninn,,/quant/opsz_max,24
Bpmf Iansui,,/quant/opsz_min,5
Bpmf Iansui,,/quant/opsz_max,24
Bpmf Zihi Kai Std,,/quant/opsz_min,5
Bpmf Zihi Kai Std,,/quant/opsz_max,24
Braah One,,/quant/opsz_min,5
Braah One,,/quant/opsz_max,24
Brawler,,/quant/opsz_min,5
Brawler,,/quant/opsz_max,24
Bree Serif,,/quant/opsz_min,24
Bree Serif,,/quant/opsz_max,48
Bricolage Grotesque,,/quant/opsz_min,5
Bricolage Grotesque,,/quant/opsz_max,24
Briem Hand,wght@900,/quant/opsz_min,24
Briem Hand,wght@900,/quant/opsz_max,48
Bruno Ace,,/quant/opsz_min,24
Bruno Ace,,/quant/opsz_max,48
Bruno Ace SC,,/quant/opsz_min,24
Bruno Ace SC,,/quant/opsz_max,48
Brygada 1918,wght@700,/quant/opsz_min,5
Brygada 1918,wght@700,/quant/opsz_max,24
Bubblegum Sans,,/quant/opsz_min,24
Bubblegum Sans,,/quant/opsz_max,48
Bubbler One,,/quant/opsz_min,24
Bubbler One,,/quant/opsz_max,48
Buda,,/quant/opsz_min,24
Buda,,/quant/opsz_max,48
Buenard,wght@700,/quant/opsz_min,5
Buenard,wght@700,/quant/opsz_max,24
Bungee,,/quant/opsz_min,48
Bungee,,/quant/opsz_max,300
Bungee Color,,/quant/opsz_min,24
Bungee Color,,/quant/opsz_max,48
Bungee Hairline,,/quant/opsz_min,24
Bungee Hairline,,/quant/opsz_max,48
Bungee Inline,,/quant/opsz_min,48
Bungee Inline,,/quant/opsz_max,300
Bungee Outline,,/quant/opsz_min,48
Bungee Outline,,/quant/opsz_max,300
Bungee Shade,,/quant/opsz_min,48
Bungee Shade,,/quant/opsz_max,300
Bungee Spice,,/quant/opsz_min,24
Bungee Spice,,/quant/opsz_max,48
Bungee Tint,,/quant/opsz_min,48
Bungee Tint,,/quant/opsz_max,300
Butcherman,,/quant/opsz_min,24
Butcherman,,/quant/opsz_max,48
Butterfly Kids,,/quant/opsz_min,24
Butterfly Kids,,/quant/opsz_max,48
Bytesized,,/quant/opsz_min,5
Bytesized,,/quant/opsz_max,24
Cabin,"wdth,wght@100,700",/quant/opsz_min,5
Cabin,"wdth,wght@100,700",/quant/opsz_max,24
Cabin,"wdth,wght@75,400",/quant/opsz_min,5
Cabin,"wdth,wght@75,400",/quant/opsz_max,24
Cabin,"wdth,wght@75,700",/quant/opsz_min,5
Cabin,"wdth,wght@75,700",/quant/opsz_max,24
Cabin Condensed,,/quant/opsz_min,5
Cabin Condensed,,/quant/opsz_max,24
Cabin Sketch,,/quant/opsz_min,5
Cabin Sketch,,/quant/opsz_max,24
Cactus Classical Serif,,/quant/opsz_min,5
Cactus Classical Serif,,/quant/opsz_max,24
Caesar Dressing,,/quant/opsz_min,24
Caesar Dressing,,/quant/opsz_max,48
Cagliostro,,/quant/opsz_min,5
Cagliostro,,/quant/opsz_max,24
Cairo,"slnt,wght@-11,1000",/quant/opsz_min,24
Cairo,"slnt,wght@-11,1000",/quant/opsz_max,48
Cairo,"slnt,wght@-11,200",/quant/opsz_min,24
Cairo,"slnt,wght@-11,200",/quant/opsz_max,48
Cairo,"slnt,wght@-11,400",/quant/opsz_min,5
Cairo,"slnt,wght@-11,400",/quant/opsz_max,24
Cairo,"slnt,wght@0,1000",/quant/opsz_min,24
Cairo,"slnt,wght@0,1000",/quant/opsz_max,48
Cairo,"slnt,wght@0,200",/quant/opsz_min,24
Cairo,"slnt,wght@0,200",/quant/opsz_max,48
Cairo,"slnt,wght@11,1000",/quant/opsz_min,24
Cairo,"slnt,wght@11,1000",/quant/opsz_max,48
Cairo,"slnt,wght@11,200",/quant/opsz_min,24
Cairo,"slnt,wght@11,200",/quant/opsz_max,48
Cairo,"slnt,wght@11,400",/quant/opsz_min,5
Cairo,"slnt,wght@11,400",/quant/opsz_max,24
Cairo Play,"slnt,wght@-11,1000",/quant/opsz_min,24
Cairo Play,"slnt,wght@-11,1000",/quant/opsz_max,48
Cairo Play,"slnt,wght@-11,200",/quant/opsz_min,24
Cairo Play,"slnt,wght@-11,200",/quant/opsz_max,48
Cairo Play,"slnt,wght@-11,400",/quant/opsz_min,5
Cairo Play,"slnt,wght@-11,400",/quant/opsz_max,24
Cairo Play,"slnt,wght@0,1000",/quant/opsz_min,24
Cairo Play,"slnt,wght@0,1000",/quant/opsz_max,48
Cairo Play,"slnt,wght@0,200",/quant/opsz_min,24
Cairo Play,"slnt,wght@0,200",/quant/opsz_max,48
Cairo Play,"slnt,wght@11,1000",/quant/opsz_min,24
Cairo Play,"slnt,wght@11,1000",/quant/opsz_max,48
Cairo Play,"slnt,wght@11,200",/quant/opsz_min,24
Cairo Play,"slnt,wght@11,200",/quant/opsz_max,48
Cairo Play,"slnt,wght@11,400",/quant/opsz_min,5
Cairo Play,"slnt,wght@11,400",/quant/opsz_max,24
Cal Sans,,/quant/opsz_min,5
Cal Sans,,/quant/opsz_max,24
Caladea,,/quant/opsz_min,5
Caladea,,/quant/opsz_max,24
Calistoga,,/quant/opsz_min,24
Calistoga,,/quant/opsz_max,48
Cambay,,/quant/opsz_min,5
Cambay,,/quant/opsz_max,24
Cambo,,/quant/opsz_min,5
Cambo,,/quant/opsz_max,24
Candal,,/quant/opsz_min,24
Candal,,/quant/opsz_max,48
Cantarell,,/quant/opsz_min,5
Cantarell,,/quant/opsz_max,24
Cantata One,,/quant/opsz_min,5
Cantata One,,/quant/opsz_max,24
Cantora One,,/quant/opsz_min,5
Cantora One,,/quant/opsz_max,24
Caprasimo,,/quant/opsz_min,24
Caprasimo,,/quant/opsz_max,48
Capriola,wght@300,/quant/opsz_min,5
Capriola,wght@300,/quant/opsz_max,24
Capriola,wght@700,/quant/opsz_min,5
Capriola,wght@700,/quant/opsz_max,24
Caramel,,/quant/opsz_min,24
Caramel,,/quant/opsz_max,48
Carattere,,/quant/opsz_min,24
Carattere,,/quant/opsz_max,48
Cardo,,/quant/opsz_min,5
Cardo,,/quant/opsz_max,24
Carlito,,/quant/opsz_min,5
Carlito,,/quant/opsz_max,24
Carme,,/quant/opsz_min,5
Carme,,/quant/opsz_max,24
Carrois Gothic,,/quant/opsz_min,5
Carrois Gothic,,/quant/opsz_max,24
Carrois Gothic SC,,/quant/opsz_min,5
Carrois Gothic SC,,/quant/opsz_max,24
Carter One,,/quant/opsz_min,5
Carter One,,/quant/opsz_max,24
Cascadia Code,wght@200,/quant/opsz_min,24
Cascadia Code,wght@200,/quant/opsz_max,48
Cascadia Code,wght@700,/quant/opsz_min,5
Cascadia Code,wght@700,/quant/opsz_max,24
Cascadia Mono,wght@200,/quant/opsz_min,24
Cascadia Mono,wght@200,/quant/opsz_max,48
Cascadia Mono,wght@700,/quant/opsz_min,5
Cascadia Mono,wght@700,/quant/opsz_max,24
Castoro,,/quant/opsz_min,5
Castoro,,/quant/opsz_max,24
Castoro Titling,,/quant/opsz_min,5
Castoro Titling,,/quant/opsz_max,24
Catamaran,wght@900,/quant/opsz_min,24
Catamaran,wght@900,/quant/opsz_max,48
Caudex,,/quant/opsz_min,5
Caudex,,/quant/opsz_max,24
Cause,wght@100,/quant/opsz_min,24
Cause,wght@100,/quant/opsz_max,48
Cause,wght@900,/quant/opsz_min,24
Cause,wght@900,/quant/opsz_max,48
Caveat,wght@700,/quant/opsz_min,24
Caveat,wght@700,/quant/opsz_max,48
Caveat Brush,,/quant/opsz_min,24
Caveat Brush,,/quant/opsz_max,48
Cedarville Cursive,,/quant/opsz_min,24
Cedarville Cursive,,/quant/opsz_max,48
Ceviche One,,/quant/opsz_min,24
Ceviche One,,/quant/opsz_max,48
Chakra Petch,,/quant/opsz_min,5
Chakra Petch,,/quant/opsz_max,24
Changa,wght@200,/quant/opsz_min,24
Changa,wght@200,/quant/opsz_max,48
Changa,wght@800,/quant/opsz_min,5
Changa,wght@800,/quant/opsz_max,24
Changa One,,/quant/opsz_min,24
Changa One,,/quant/opsz_max,48
Chango,,/quant/opsz_min,24
Chango,,/quant/opsz_max,48
Charis SIL,,/quant/opsz_min,5
Charis SIL,,/quant/opsz_max,24
Charm,,/quant/opsz_min,5
Charm,,/quant/opsz_max,24
Charmonman,,/quant/opsz_min,5
Charmonman,,/quant/opsz_max,24
Chathura,,/quant/opsz_min,24
Chathura,,/quant/opsz_max,48
Chau Philomene One,,/quant/opsz_min,24
Chau Philomene One,,/quant/opsz_max,48
Chela One,,/quant/opsz_min,24
Chela One,,/quant/opsz_max,48
Chelsea Market,,/quant/opsz_min,24
Chelsea Market,,/quant/opsz_max,48
Chenla,,/quant/opsz_min,5
Chenla,,/quant/opsz_max,24
Cherish,,/quant/opsz_min,24
Cherish,,/quant/opsz_max,48
Cherry Bomb One,,/quant/opsz_min,24
Cherry Bomb One,,/quant/opsz_max,48
Cherry Swash,,/quant/opsz_min,24
Cherry Swash,,/quant/opsz_max,48
Chicle,,/quant/opsz_min,24
Chicle,,/quant/opsz_max,48
Chilanka,,/quant/opsz_min,5
Chilanka,,/quant/opsz_max,24
Chiron GoRound TC,wght@900,/quant/opsz_min,24
Chiron GoRound TC,wght@900,/quant/opsz_max,48
Chiron Hei HK,wght@900,/quant/opsz_min,24
Chiron Hei HK,wght@900,/quant/opsz_max,48
Chiron Sung HK,wght@900,/quant/opsz_min,24
Chiron Sung HK,wght@900,/quant/opsz_max,48
Chivo,wght@100,/quant/opsz_min,24
Chivo,wght@100,/quant/opsz_max,48
Chivo,wght@900,/quant/opsz_min,24
Chivo,wght@900,/quant/opsz_max,48
Chivo Mono,wght@100,/quant/opsz_min,24
Chivo Mono,wght@100,/quant/opsz_max,48
Chivo Mono,wght@900,/quant/opsz_min,24
Chivo Mono,wght@900,/quant/opsz_max,48
Chocolate Classical Sans,,/quant/opsz_min,5
Chocolate Classical Sans,,/quant/opsz_max,24
Chokokutai,,/quant/opsz_min,24
Chokokutai,,/quant/opsz_max,48
Chonburi,,/quant/opsz_min,24
Chonburi,,/quant/opsz_max,48
Cinzel,wght@900,/quant/opsz_min,24
Cinzel,wght@900,/quant/opsz_max,48
Cinzel Decorative,,/quant/opsz_min,24
Cinzel Decorative,,/quant/opsz_max,48
Clicker Script,,/quant/opsz_min,24
Clicker Script,,/quant/opsz_max,48
Climate Crisis,,/quant/opsz_min,24
Climate Crisis,,/quant/opsz_max,48
Coda,,/quant/opsz_min,5
Coda,,/quant/opsz_max,24
Codystar,,/quant/opsz_min,48
Codystar,,/quant/opsz_max,300
Coiny,,/quant/opsz_min,24
Coiny,,/quant/opsz_max,48
Combo,,/quant/opsz_min,24
Combo,,/quant/opsz_max,48
Comfortaa,wght@300,/quant/opsz_min,5
Comfortaa,wght@300,/quant/opsz_max,24
Comfortaa,wght@700,/quant/opsz_min,5
Comfortaa,wght@700,/quant/opsz_max,24
Comforter,,/quant/opsz_min,5
Comforter,,/quant/opsz_max,24
Comforter Brush,,/quant/opsz_min,24
Comforter Brush,,/quant/opsz_max,48
Comic Neue,,/quant/opsz_min,5
Comic Neue,,/quant/opsz_max,24
Comic Relief,,/quant/opsz_min,5
Comic Relief,,/quant/opsz_max,24
Comme,wght@100,/quant/opsz_min,24
Comme,wght@100,/quant/opsz_max,48
Comme,wght@900,/quant/opsz_min,24
Comme,wght@900,/quant/opsz_max,48
Commissioner,,/quant/opsz_min,5
Commissioner,,/quant/opsz_max,24
Concert One,,/quant/opsz_min,24
Concert One,,/quant/opsz_max,48
Condiment,,/quant/opsz_min,24
Condiment,,/quant/opsz_max,48
Content,,/quant/opsz_min,5
Content,,/quant/opsz_max,24
Contrail One,,/quant/opsz_min,24
Contrail One,,/quant/opsz_max,48
Convergence,,/quant/opsz_min,5
Convergence,,/quant/opsz_max,24
Cookie,,/quant/opsz_min,24
Cookie,,/quant/opsz_max,48
Copse,,/quant/opsz_min,5
Copse,,/quant/opsz_max,24
Coral Pixels,,/quant/opsz_min,24
Coral Pixels,,/quant/opsz_max,48
Corben,,/quant/opsz_min,5
Corben,,/quant/opsz_max,24
Corinthia,,/quant/opsz_min,24
Corinthia,,/quant/opsz_max,48
Cormorant,wght@700,/quant/opsz_min,5
Cormorant,wght@700,/quant/opsz_max,24
Cormorant Garamond,wght@700,/quant/opsz_min,5
Cormorant Garamond,wght@700,/quant/opsz_max,24
Cormorant Infant,wght@700,/quant/opsz_min,5
Cormorant Infant,wght@700,/quant/opsz_max,24
Cormorant SC,,/quant/opsz_min,5
Cormorant SC,,/quant/opsz_max,24
Cormorant Unicase,,/quant/opsz_min,5
Cormorant Unicase,,/quant/opsz_max,24
Cormorant Upright,,/quant/opsz_min,5
Cormorant Upright,,/quant/opsz_max,24
Cossette Texte,,/quant/opsz_min,5
Cossette Texte,,/quant/opsz_max,24
Cossette Titre,,/quant/opsz_min,5
Cossette Titre,,/quant/opsz_max,24
Courgette,,/quant/opsz_min,24
Courgette,,/quant/opsz_max,48
Courier Prime,,/quant/opsz_min,5
Courier Prime,,/quant/opsz_max,24
Cousine,,/quant/opsz_min,5
Cousine,,/quant/opsz_max,24
Coustard,,/quant/opsz_min,5
Coustard,,/quant/opsz_max,24
Covered By Your Grace,,/quant/opsz_min,24
Covered By Your Grace,,/quant/opsz_max,48
Creepster,,/quant/opsz_min,24
Creepster,,/quant/opsz_max,48
Crete Round,,/quant/opsz_min,5
Crete Round,,/quant/opsz_max,24
Crimson Pro,wght@200,/quant/opsz_min,24
Crimson Pro,wght@200,/quant/opsz_max,48
Crimson Pro,wght@900,/quant/opsz_min,24
Crimson Pro,wght@900,/quant/opsz_max,48
Crimson Text,,/quant/opsz_min,5
Crimson Text,,/quant/opsz_max,24
Croissant One,,/quant/opsz_min,24
Croissant One,,/quant/opsz_max,48
Cuprum,wght@700,/quant/opsz_min,5
Cuprum,wght@700,/quant/opsz_max,24
Cute Font,,/quant/opsz_min,24
Cute Font,,/quant/opsz_max,48
Cutive,,/quant/opsz_min,5
Cutive,,/quant/opsz_max,24
Cutive Mono,,/quant/opsz_min,5
Cutive Mono,,/quant/opsz_max,24
Dai Banna SIL,,/quant/opsz_min,5
Dai Banna SIL,,/quant/opsz_max,24
Damion,,/quant/opsz_min,24
Damion,,/quant/opsz_max,48
Dancing Script,wght@700,/quant/opsz_min,24
Dancing Script,wght@700,/quant/opsz_max,48
Danfo,,/quant/opsz_min,24
Danfo,,/quant/opsz_max,48
Dangrek,,/quant/opsz_min,5
Dangrek,,/quant/opsz_max,24
Darker Grotesque,wght@900,/quant/opsz_min,24
Darker Grotesque,wght@900,/quant/opsz_max,48
Darumadrop One,,/quant/opsz_min,24
Darumadrop One,,/quant/opsz_max,48
Datatype,"wdth,wght@100,100",/quant/opsz_min,24
Datatype,"wdth,wght@100,100",/quant/opsz_max,48
Datatype,"wdth,wght@100,900",/quant/opsz_min,24
Datatype,"wdth,wght@100,900",/quant/opsz_max,48
Datatype,"wdth,wght@150,100",/quant/opsz_min,24
Datatype,"wdth,wght@150,100",/quant/opsz_max,48
Datatype,"wdth,wght@150,400",/quant/opsz_min,5
Datatype,"wdth,wght@150,400",/quant/opsz_max,24
Datatype,"wdth,wght@150,900",/quant/opsz_min,24
Datatype,"wdth,wght@150,900",/quant/opsz_max,48
Datatype,"wdth,wght@50,100",/quant/opsz_min,24
Datatype,"wdth,wght@50,100",/quant/opsz_max,48
Datatype,"wdth,wght@50,400",/quant/opsz_min,5
Datatype,"wdth,wght@50,400",/quant/opsz_max,24
Datatype,"wdth,wght@50,900",/quant/opsz_min,24
Datatype,"wdth,wght@50,900",/quant/opsz_max,48
David Libre,,/quant/opsz_min,5
David Libre,,/quant/opsz_max,24
Dawning of a New Day,,/quant/opsz_min,24
Dawning of a New Day,,/quant/opsz_max,48
Days One,,/quant/opsz_min,5
Days One,,/quant/opsz_max,24
Dekko,,/quant/opsz_min,5
Dekko,,/quant/opsz_max,24
Dela Gothic One,,/quant/opsz_min,24
Dela Gothic One,,/quant/opsz_max,48
Delicious Handrawn,,/quant/opsz_min,24
Delicious Handrawn,,/quant/opsz_max,48
Delius,,/quant/opsz_min,5
Delius,,/quant/opsz_max,24
Delius Swash Caps,,/quant/opsz_min,5
Delius Swash Caps,,/quant/opsz_max,24
Delius Unicase,,/quant/opsz_min,5
Delius Unicase,,/quant/opsz_max,24
Della Respira,,/quant/opsz_min,24
Della Respira,,/quant/opsz_max,48
Denk One,,/quant/opsz_min,24
Denk One,,/quant/opsz_max,48
Devonshire,,/quant/opsz_min,24
Devonshire,,/quant/opsz_max,48
Dhurjati,,/quant/opsz_min,24
Dhurjati,,/quant/opsz_max,48
Dhyana,,/quant/opsz_min,5
Dhyana,,/quant/opsz_max,24
Didact Gothic,,/quant/opsz_min,5
Didact Gothic,,/quant/opsz_max,24
Diphylleia,,/quant/opsz_min,5
Diphylleia,,/quant/opsz_max,24
Diplomata,,/quant/opsz_min,24
Diplomata,,/quant/opsz_max,48
Diplomata SC,,/quant/opsz_min,24
Diplomata SC,,/quant/opsz_max,48
DM Mono,,/quant/opsz_min,5
DM Mono,,/quant/opsz_max,24
DM Sans,,/quant/opsz_min,5
DM Sans,,/quant/opsz_max,24
DM Serif Display,,/quant/opsz_min,5
DM Serif Display,,/quant/opsz_max,24
DM Serif Text,,/quant/opsz_min,5
DM Serif Text,,/quant/opsz_max,24
Do Hyeon,,/quant/opsz_min,5
Do Hyeon,,/quant/opsz_max,24
Dokdo,,/quant/opsz_min,24
Dokdo,,/quant/opsz_max,48
Domine,wght@700,/quant/opsz_min,5
Domine,wght@700,/quant/opsz_max,24
Donegal One,,/quant/opsz_min,5
Donegal One,,/quant/opsz_max,24
Dongle,,/quant/opsz_min,24
Dongle,,/quant/opsz_max,48
Doppio One,,/quant/opsz_min,5
Doppio One,,/quant/opsz_max,24
Dorsa,,/quant/opsz_min,48
Dorsa,,/quant/opsz_max,300
Dosis,wght@800,/quant/opsz_min,5
Dosis,wght@800,/quant/opsz_max,24
DotGothic16,,/quant/opsz_min,5
DotGothic16,,/quant/opsz_max,24
Doto,"ROND,wght@0,100",/quant/opsz_min,24
Doto,"ROND,wght@0,100",/quant/opsz_max,48
Doto,"ROND,wght@100,100",/quant/opsz_min,24
Doto,"ROND,wght@100,100",/quant/opsz_max,48
Doto,"ROND,wght@100,900",/quant/opsz_min,24
Doto,"ROND,wght@100,900",/quant/opsz_max,48
Dr Sugiyama,,/quant/opsz_min,24
Dr Sugiyama,,/quant/opsz_max,48
Duru Sans,,/quant/opsz_min,5
Duru Sans,,/quant/opsz_max,24
Dynalight,,/quant/opsz_min,24
Dynalight,,/quant/opsz_max,48
DynaPuff,"wdth,wght@100,700",/quant/opsz_min,5
DynaPuff,"wdth,wght@100,700",/quant/opsz_max,24
DynaPuff,"wdth,wght@75,400",/quant/opsz_min,5
DynaPuff,"wdth,wght@75,400",/quant/opsz_max,24
DynaPuff,"wdth,wght@75,700",/quant/opsz_min,5
DynaPuff,"wdth,wght@75,700",/quant/opsz_max,24
Eagle Lake,,/quant/opsz_min,24
Eagle Lake,,/quant/opsz_max,48
East Sea Dokdo,,/quant/opsz_min,24
East Sea Dokdo,,/quant/opsz_max,48
Eater,,/quant/opsz_min,24
Eater,,/quant/opsz_max,48
EB Garamond,wght@800,/quant/opsz_min,5
EB Garamond,wght@800,/quant/opsz_max,24
Economica,,/quant/opsz_min,5
Economica,,/quant/opsz_max,24
Eczar,wght@800,/quant/opsz_min,5
Eczar,wght@800,/quant/opsz_max,24
Edu AU VIC WA NT Arrows,wght@700,/quant/opsz_min,48
Edu AU VIC WA NT Arrows,wght@700,/quant/opsz_max,300
Edu AU VIC WA NT Dots,wght@700,/quant/opsz_min,48
Edu AU VIC WA NT Dots,wght@700,/quant/opsz_max,300
Edu AU VIC WA NT Guides,wght@700,/quant/opsz_min,24
Edu AU VIC WA NT Guides,wght@700,/quant/opsz_max,48
Edu AU VIC WA NT Hand,wght@700,/quant/opsz_min,24
Edu AU VIC WA NT Hand,wght@700,/quant/opsz_max,48
Edu AU VIC WA NT Pre,wght@700,/quant/opsz_min,24
Edu AU VIC WA NT Pre,wght@700,/quant/opsz_max,48
Edu NSW ACT Foundation,wght@700,/quant/opsz_min,24
Edu NSW ACT Foundation,wght@700,/quant/opsz_max,48
Edu QLD Beginner,wght@700,/quant/opsz_min,24
Edu QLD Beginner,wght@700,/quant/opsz_max,48
Edu SA Beginner,wght@700,/quant/opsz_min,24
Edu SA Beginner,wght@700,/quant/opsz_max,48
Edu TAS Beginner,wght@700,/quant/opsz_min,24
Edu TAS Beginner,wght@700,/quant/opsz_max,48
Edu VIC WA NT Beginner,wght@700,/quant/opsz_min,24
Edu VIC WA NT Beginner,wght@700,/quant/opsz_max,48
Ek Mukta,,/quant/opsz_min,5
Ek Mukta,,/quant/opsz_max,24
El Messiri,wght@700,/quant/opsz_min,5
El Messiri,wght@700,/quant/opsz_max,24
Electrolize,,/quant/opsz_min,5
Electrolize,,/quant/opsz_max,24
Elms Sans,wght@900,/quant/opsz_min,24
Elms Sans,wght@900,/quant/opsz_max,48
Elsie,,/quant/opsz_min,5
Elsie,,/quant/opsz_max,24
Elsie Swash Caps,,/quant/opsz_min,5
Elsie Swash Caps,,/quant/opsz_max,24
Emblema One,,/quant/opsz_min,24
Emblema One,,/quant/opsz_max,48
Emilys Candy,,/quant/opsz_min,24
Emilys Candy,,/quant/opsz_max,48
Encode Sans,"wdth,wght@125,100",/quant/opsz_min,24
Encode Sans,"wdth,wght@125,100",/quant/opsz_max,48
Encode Sans,"wdth,wght@125,900",/quant/opsz_min,24
Encode Sans,"wdth,wght@125,900",/quant/opsz_max,48
Encode Sans,"wdth,wght@75,900",/quant/opsz_min,24
Encode Sans,"wdth,wght@75,900",/quant/opsz_max,48
Encode Sans Condensed,,/quant/opsz_min,5
Encode Sans Condensed,,/quant/opsz_max,24
Encode Sans Expanded,,/quant/opsz_min,5
Encode Sans Expanded,,/quant/opsz_max,24
Encode Sans SC,"wdth,wght@125,100",/quant/opsz_min,24
Encode Sans SC,"wdth,wght@125,100",/quant/opsz_max,48
Encode Sans SC,"wdth,wght@125,900",/quant/opsz_min,24
Encode Sans SC,"wdth,wght@125,900",/quant/opsz_max,48
Encode Sans SC,"wdth,wght@75,900",/quant/opsz_min,24
Encode Sans SC,"wdth,wght@75,900",/quant/opsz_max,48
Encode Sans Semi Condensed,,/quant/opsz_min,5
Encode Sans Semi Condensed,,/quant/opsz_max,24
Encode Sans Semi Expanded,,/quant/opsz_min,5
Encode Sans Semi Expanded,,/quant/opsz_max,24
Engagement,,/quant/opsz_min,24
Engagement,,/quant/opsz_max,48
Englebert,,/quant/opsz_min,24
Englebert,,/quant/opsz_max,48
Enriqueta,,/quant/opsz_min,5
Enriqueta,,/quant/opsz_max,24
Ephesis,,/quant/opsz_min,24
Ephesis,,/quant/opsz_max,48
Epilogue,wght@100,/quant/opsz_min,24
Epilogue,wght@100,/quant/opsz_max,48
Epilogue,wght@900,/quant/opsz_min,24
Epilogue,wght@900,/quant/opsz_max,48
Epunda Sans,wght@900,/quant/opsz_min,24
Epunda Sans,wght@900,/quant/opsz_max,48
Epunda Slab,wght@900,/quant/opsz_min,24
Epunda Slab,wght@900,/quant/opsz_max,48
Erica One,,/quant/opsz_min,24
Erica One,,/quant/opsz_max,48
Esteban,,/quant/opsz_min,5
Esteban,,/quant/opsz_max,24
Estedad,wght@100,/quant/opsz_min,24
Estedad,wght@100,/quant/opsz_max,48
Estedad,wght@900,/quant/opsz_min,24
Estedad,wght@900,/quant/opsz_max,48
Estonia,,/quant/opsz_min,24
Estonia,,/quant/opsz_max,48
Euphoria Script,,/quant/opsz_min,24
Euphoria Script,,/quant/opsz_max,48
Ewert,,/quant/opsz_min,48
Ewert,,/quant/opsz_max,300
Exile,,/quant/opsz_min,48
Exile,,/quant/opsz_max,300
Exo,wght@900,/quant/opsz_min,24
Exo,wght@900,/quant/opsz_max,48
Exo 2,wght@100,/quant/opsz_min,24
Exo 2,wght@100,/quant/opsz_max,48
Exo 2,wght@900,/quant/opsz_min,24
Exo 2,wght@900,/quant/opsz_max,48
Expletus Sans,wght@700,/quant/opsz_min,5
Expletus Sans,wght@700,/quant/opsz_max,24
Explora,,/quant/opsz_min,24
Explora,,/quant/opsz_max,48
Faculty Glyphic,,/quant/opsz_min,5
Faculty Glyphic,,/quant/opsz_max,24
Fahkwang,,/quant/opsz_min,5
Fahkwang,,/quant/opsz_max,24
Familjen Grotesk,wght@700,/quant/opsz_min,5
Familjen Grotesk,wght@700,/quant/opsz_max,24
Fanwood Text,,/quant/opsz_min,5
Fanwood Text,,/quant/opsz_max,24
Farro,,/quant/opsz_min,5
Farro,,/quant/opsz_max,24
Farsan,,/quant/opsz_min,5
Farsan,,/quant/opsz_max,24
Fascinate,,/quant/opsz_min,24
Fascinate,,/quant/opsz_max,48
Fascinate Inline,,/quant/opsz_min,24
Fascinate Inline,,/quant/opsz_max,48
Faster One,,/quant/opsz_min,24
Faster One,,/quant/opsz_max,48
Fasthand,,/quant/opsz_min,24
Fasthand,,/quant/opsz_max,48
Fauna One,,/quant/opsz_min,5
Fauna One,,/quant/opsz_max,24
Faustina,wght@800,/quant/opsz_min,5
Faustina,wght@800,/quant/opsz_max,24
Federant,,/quant/opsz_min,5
Federant,,/quant/opsz_max,24
Federo,,/quant/opsz_min,5
Federo,,/quant/opsz_max,24
Felipa,,/quant/opsz_min,24
Felipa,,/quant/opsz_max,48
Fenix,,/quant/opsz_min,5
Fenix,,/quant/opsz_max,24
Festive,,/quant/opsz_min,24
Festive,,/quant/opsz_max,48
Figtree,wght@900,/quant/opsz_min,24
Figtree,wght@900,/quant/opsz_max,48
Finger Paint,,/quant/opsz_min,24
Finger Paint,,/quant/opsz_max,48
Finlandica,wght@700,/quant/opsz_min,5
Finlandica,wght@700,/quant/opsz_max,24
Finlandica Headline,wght@900,/quant/opsz_min,24
Finlandica Headline,wght@900,/quant/opsz_max,48
Finlandica Text,wght@100,/quant/opsz_min,24
Finlandica Text,wght@100,/quant/opsz_max,48
Finlandica Text,wght@900,/quant/opsz_min,24
Finlandica Text,wght@900,/quant/opsz_max,48
Fira Code,wght@700,/quant/opsz_min,5
Fira Code,wght@700,/quant/opsz_max,24
Fira Mono,,/quant/opsz_min,5
Fira Mono,,/quant/opsz_max,24
Fira Sans,,/quant/opsz_min,5
Fira Sans,,/quant/opsz_max,24
Fira Sans Condensed,,/quant/opsz_min,5
Fira Sans Condensed,,/quant/opsz_max,24
Fira Sans Extra Condensed,,/quant/opsz_min,5
Fira Sans Extra Condensed,,/quant/opsz_max,24
Fjalla One,,/quant/opsz_min,5
Fjalla One,,/quant/opsz_max,24
Fjord One,,/quant/opsz_min,5
Fjord One,,/quant/opsz_max,24
Flamenco,,/quant/opsz_min,5
Flamenco,,/quant/opsz_max,24
Flavors,,/quant/opsz_min,24
Flavors,,/quant/opsz_max,48
Fleur De Leah,,/quant/opsz_min,24
Fleur De Leah,,/quant/opsz_max,48
Flow Block,,/quant/opsz_min,24
Flow Block,,/quant/opsz_max,48
Flow Circular,,/quant/opsz_min,24
Flow Circular,,/quant/opsz_max,48
Flow Rounded,,/quant/opsz_min,24
Flow Rounded,,/quant/opsz_max,48
Foldit,wght@900,/quant/opsz_min,24
Foldit,wght@900,/quant/opsz_max,48
Fondamento,,/quant/opsz_min,24
Fondamento,,/quant/opsz_max,48
Forum,,/quant/opsz_min,5
Forum,,/quant/opsz_max,24
Fragment Mono,,/quant/opsz_min,5
Fragment Mono,,/quant/opsz_max,24
Francois One,,/quant/opsz_min,24
Francois One,,/quant/opsz_max,48
Frank Ruhl Libre,wght@300,/quant/opsz_min,5
Frank Ruhl Libre,wght@300,/quant/opsz_max,24
Frank Ruhl Libre,wght@900,/quant/opsz_min,24
Frank Ruhl Libre,wght@900,/quant/opsz_max,48
Fraunces,,/quant/opsz_min,5
Fraunces,,/quant/opsz_max,24
Freckle Face,,/quant/opsz_min,24
Freckle Face,,/quant/opsz_max,48
Fredericka the Great,,/quant/opsz_min,48
Fredericka the Great,,/quant/opsz_max,300
Fredoka,"wdth,wght@100,700",/quant/opsz_min,5
Fredoka,"wdth,wght@100,700",/quant/opsz_max,24
Fredoka,"wdth,wght@125,300",/quant/opsz_min,5
Fredoka,"wdth,wght@125,300",/quant/opsz_max,24
Fredoka,"wdth,wght@125,700",/quant/opsz_min,5
Fredoka,"wdth,wght@125,700",/quant/opsz_max,24
Fredoka,"wdth,wght@75,300",/quant/opsz_min,5
Fredoka,"wdth,wght@75,300",/quant/opsz_max,24
Fredoka,"wdth,wght@75,700",/quant/opsz_min,5
Fredoka,"wdth,wght@75,700",/quant/opsz_max,24
Freehand,,/quant/opsz_min,24
Freehand,,/quant/opsz_max,48
Freeman,,/quant/opsz_min,24
Freeman,,/quant/opsz_max,48
Fresca,,/quant/opsz_min,5
Fresca,,/quant/opsz_max,24
Frijole,,/quant/opsz_min,24
Frijole,,/quant/opsz_max,48
Fruktur,,/quant/opsz_min,24
Fruktur,,/quant/opsz_max,48
Fugaz One,,/quant/opsz_min,5
Fugaz One,,/quant/opsz_max,24
Fuggles,,/quant/opsz_min,24
Fuggles,,/quant/opsz_max,48
Funnel Display,wght@800,/quant/opsz_min,5
Funnel Display,wght@800,/quant/opsz_max,24
Funnel Sans,wght@800,/quant/opsz_min,5
Funnel Sans,wght@800,/quant/opsz_max,24
Fustat,wght@200,/quant/opsz_min,24
Fustat,wght@200,/quant/opsz_max,48
Fustat,wght@800,/quant/opsz_min,5
Fustat,wght@800,/quant/opsz_max,24
Fuzzy Bubbles,,/quant/opsz_min,24
Fuzzy Bubbles,,/quant/opsz_max,48
Ga Maamli,,/quant/opsz_min,24
Ga Maamli,,/quant/opsz_max,48
Gabarito,wght@900,/quant/opsz_min,24
Gabarito,wght@900,/quant/opsz_max,48
Gabriela,,/quant/opsz_min,5
Gabriela,,/quant/opsz_max,24
Gaegu,,/quant/opsz_min,24
Gaegu,,/quant/opsz_max,48
Gafata,,/quant/opsz_min,5
Gafata,,/quant/opsz_max,24
Gajraj One,,/quant/opsz_min,24
Gajraj One,,/quant/opsz_max,48
Galada,,/quant/opsz_min,24
Galada,,/quant/opsz_max,48
Galdeano,,/quant/opsz_min,5
Galdeano,,/quant/opsz_max,24
Galindo,,/quant/opsz_min,24
Galindo,,/quant/opsz_max,48
Gamja Flower,,/quant/opsz_min,24
Gamja Flower,,/quant/opsz_max,48
Gantari,wght@100,/quant/opsz_min,24
Gantari,wght@100,/quant/opsz_max,48
Gantari,wght@900,/quant/opsz_min,24
Gantari,wght@900,/quant/opsz_max,48
Gasoek One,,/quant/opsz_min,24
Gasoek One,,/quant/opsz_max,48
Gayathri,,/quant/opsz_min,5
Gayathri,,/quant/opsz_max,24
Geist,wght@100,/quant/opsz_min,24
Geist,wght@100,/quant/opsz_max,48
Geist,wght@900,/quant/opsz_min,24
Geist,wght@900,/quant/opsz_max,48
Geist Mono,wght@100,/quant/opsz_min,24
Geist Mono,wght@100,/quant/opsz_max,48
Geist Mono,wght@900,/quant/opsz_min,24
Geist Mono,wght@900,/quant/opsz_max,48
Geist Pixel,,/quant/opsz_min,5
Geist Pixel,,/quant/opsz_max,24
Gelasio,wght@700,/quant/opsz_min,5
Gelasio,wght@700,/quant/opsz_max,24
Gemunu Libre,wght@800,/quant/opsz_min,24
Gemunu Libre,wght@800,/quant/opsz_max,48
Genos,wght@900,/quant/opsz_min,24
Genos,wght@900,/quant/opsz_max,48
Gentium Book Plus,,/quant/opsz_min,5
Gentium Book Plus,,/quant/opsz_max,24
Gentium Plus,,/quant/opsz_min,5
Gentium Plus,,/quant/opsz_max,24
Geo,,/quant/opsz_min,24
Geo,,/quant/opsz_max,48
Geologica,,/quant/opsz_min,5
Geologica,,/quant/opsz_max,24
Geom,wght@300,/quant/opsz_min,5
Geom,wght@300,/quant/opsz_max,24
Geom,wght@900,/quant/opsz_min,24
Geom,wght@900,/quant/opsz_max,48
Georama,"wdth,wght@150,100",/quant/opsz_min,24
Georama,"wdth,wght@150,100",/quant/opsz_max,48
Georama,"wdth,wght@150,900",/quant/opsz_min,24
Georama,"wdth,wght@150,900",/quant/opsz_max,48
Georama,"wdth,wght@62.5,900",/quant/opsz_min,24
Georama,"wdth,wght@62.5,900",/quant/opsz_max,48
Geostar,,/quant/opsz_min,24
Geostar,,/quant/opsz_max,48
Geostar Fill,,/quant/opsz_min,24
Geostar Fill,,/quant/opsz_max,48
Germania One,,/quant/opsz_min,24
Germania One,,/quant/opsz_max,48
GFS Didot,,/quant/opsz_min,5
GFS Didot,,/quant/opsz_max,24
GFS Neohellenic,,/quant/opsz_min,24
GFS Neohellenic,,/quant/opsz_max,48
Gideon Roman,,/quant/opsz_min,5
Gideon Roman,,/quant/opsz_max,24
Gidole,,/quant/opsz_min,5
Gidole,,/quant/opsz_max,24
Gidugu,,/quant/opsz_min,24
Gidugu,,/quant/opsz_max,48
Gilda Display,,/quant/opsz_min,5
Gilda Display,,/quant/opsz_max,24
Girassol,,/quant/opsz_min,24
Girassol,,/quant/opsz_max,48
Give You Glory,,/quant/opsz_min,24
Give You Glory,,/quant/opsz_max,48
Glass Antiqua,,/quant/opsz_min,24
Glass Antiqua,,/quant/opsz_max,48
Glegoo,,/quant/opsz_min,5
Glegoo,,/quant/opsz_max,24
Gloock,,/quant/opsz_min,5
Gloock,,/quant/opsz_max,24
Gloria Hallelujah,,/quant/opsz_min,24
Gloria Hallelujah,,/quant/opsz_max,48
Glory,wght@800,/quant/opsz_min,5
Glory,wght@800,/quant/opsz_max,24
Gluten,"slnt,wght@-13,100",/quant/opsz_min,24
Gluten,"slnt,wght@-13,100",/quant/opsz_max,48
Gluten,"slnt,wght@-13,900",/quant/opsz_min,24
Gluten,"slnt,wght@-13,900",/quant/opsz_max,48
Gluten,"slnt,wght@0,900",/quant/opsz_min,24
Gluten,"slnt,wght@0,900",/quant/opsz_max,48
Gluten,"slnt,wght@13,100",/quant/opsz_min,24
Gluten,"slnt,wght@13,100",/quant/opsz_max,48
Gluten,"slnt,wght@13,900",/quant/opsz_min,24
Gluten,"slnt,wght@13,900",/quant/opsz_max,48
Goblin One,,/quant/opsz_min,24
Goblin One,,/quant/opsz_max,48
Gochi Hand,,/quant/opsz_min,24
Gochi Hand,,/quant/opsz_max,48
Goldman,,/quant/opsz_min,5
Goldman,,/quant/opsz_max,24
Golos Text,wght@900,/quant/opsz_min,24
Golos Text,wght@900,/quant/opsz_max,48
Google Sans Code,wght@300,/quant/opsz_min,5
Google Sans Code,wght@300,/quant/opsz_max,24
Google Sans Code,wght@800,/quant/opsz_min,5
Google Sans Code,wght@800,/quant/opsz_max,24
Gorditas,,/quant/opsz_min,24
Gorditas,,/quant/opsz_max,48
Gothic A1,,/quant/opsz_min,5
Gothic A1,,/quant/opsz_max,24
Gotu,,/quant/opsz_min,5
Gotu,,/quant/opsz_max,24
Goudy Bookletter 1911,,/quant/opsz_min,5
Goudy Bookletter 1911,,/quant/opsz_max,24
Gowun Batang,,/quant/opsz_min,5
Gowun Batang,,/quant/opsz_max,24
Gowun Dodum,,/quant/opsz_min,5
Gowun Dodum,,/quant/opsz_max,24
Graduate,,/quant/opsz_min,24
Graduate,,/quant/opsz_max,48
Grand Hotel,,/quant/opsz_min,24
Grand Hotel,,/quant/opsz_max,48
Grandiflora One,,/quant/opsz_min,5
Grandiflora One,,/quant/opsz_max,24
Grandstander,wght@900,/quant/opsz_min,24
Grandstander,wght@900,/quant/opsz_max,48
Grape Nuts,,/quant/opsz_min,24
Grape Nuts,,/quant/opsz_max,48
Gravitas One,,/quant/opsz_min,24
Gravitas One,,/quant/opsz_max,48
Great Vibes,,/quant/opsz_min,48
Great Vibes,,/quant/opsz_max,300
Grechen Fuemen,,/quant/opsz_min,24
Grechen Fuemen,,/quant/opsz_max,48
Grenze,wght@100,/quant/opsz_min,24
Grenze,wght@100,/quant/opsz_max,48
Grenze,wght@900,/quant/opsz_min,24
Grenze,wght@900,/quant/opsz_max,48
Grenze Gotisch,wght@100,/quant/opsz_min,24
Grenze Gotisch,wght@100,/quant/opsz_max,48
Grenze Gotisch,wght@900,/quant/opsz_min,24
Grenze Gotisch,wght@900,/quant/opsz_max,48
Grey Qo,,/quant/opsz_min,24
Grey Qo,,/quant/opsz_max,48
Griffy,,/quant/opsz_min,24
Griffy,,/quant/opsz_max,48
Gruppo,,/quant/opsz_min,24
Gruppo,,/quant/opsz_max,48
Gudea,,/quant/opsz_min,5
Gudea,,/quant/opsz_max,24
Gugi,,/quant/opsz_min,24
Gugi,,/quant/opsz_max,48
Gulzar,,/quant/opsz_min,5
Gulzar,,/quant/opsz_max,24
Gupter,,/quant/opsz_min,5
Gupter,,/quant/opsz_max,24
Gurajada,,/quant/opsz_min,24
Gurajada,,/quant/opsz_max,48
Gveret Levin,,/quant/opsz_min,24
Gveret Levin,,/quant/opsz_max,48
Gwendolyn,,/quant/opsz_min,24
Gwendolyn,,/quant/opsz_max,48
Habibi,,/quant/opsz_min,5
Habibi,,/quant/opsz_max,24
Hachi Maru Pop,,/quant/opsz_min,24
Hachi Maru Pop,,/quant/opsz_max,48
Hahmlet,wght@100,/quant/opsz_min,24
Hahmlet,wght@100,/quant/opsz_max,48
Hahmlet,wght@900,/quant/opsz_min,24
Hahmlet,wght@900,/quant/opsz_max,48
Halant,,/quant/opsz_min,5
Halant,,/quant/opsz_max,24
Hammersmith One,,/quant/opsz_min,5
Hammersmith One,,/quant/opsz_max,24
Hanalei,,/quant/opsz_min,48
Hanalei,,/quant/opsz_max,300
Hanalei Fill,,/quant/opsz_min,24
Hanalei Fill,,/quant/opsz_max,48
Handjet,"ELGR,ELSH,wght@1,0,100",/quant/opsz_min,24
Handjet,"ELGR,ELSH,wght@1,0,100",/quant/opsz_max,48
Handjet,"ELGR,ELSH,wght@1,0,400",/quant/opsz_min,24
Handjet,"ELGR,ELSH,wght@1,0,400",/quant/opsz_max,48
Handjet,"ELGR,ELSH,wght@1,0,900",/quant/opsz_min,24
Handjet,"ELGR,ELSH,wght@1,0,900",/quant/opsz_max,48
Handjet,"ELGR,ELSH,wght@1,16,100",/quant/opsz_min,24
Handjet,"ELGR,ELSH,wght@1,16,100",/quant/opsz_max,48
Handjet,"ELGR,ELSH,wght@1,16,400",/quant/opsz_min,24
Handjet,"ELGR,ELSH,wght@1,16,400",/quant/opsz_max,48
Handjet,"ELGR,ELSH,wght@1,16,900",/quant/opsz_min,24
Handjet,"ELGR,ELSH,wght@1,16,900",/quant/opsz_max,48
Handjet,"ELGR,ELSH,wght@1,2,100",/quant/opsz_min,24
Handjet,"ELGR,ELSH,wght@1,2,100",/quant/opsz_max,48
Handjet,"ELGR,ELSH,wght@1,2,900",/quant/opsz_min,24
Handjet,"ELGR,ELSH,wght@1,2,900",/quant/opsz_max,48
Handjet,"ELGR,ELSH,wght@2,0,100",/quant/opsz_min,24
Handjet,"ELGR,ELSH,wght@2,0,100",/quant/opsz_max,48
Handjet,"ELGR,ELSH,wght@2,0,400",/quant/opsz_min,24
Handjet,"ELGR,ELSH,wght@2,0,400",/quant/opsz_max,48
Handjet,"ELGR,ELSH,wght@2,0,900",/quant/opsz_min,24
Handjet,"ELGR,ELSH,wght@2,0,900",/quant/opsz_max,48
Handjet,"ELGR,ELSH,wght@2,16,100",/quant/opsz_min,24
Handjet,"ELGR,ELSH,wght@2,16,100",/quant/opsz_max,48
Handjet,"ELGR,ELSH,wght@2,16,400",/quant/opsz_min,24
Handjet,"ELGR,ELSH,wght@2,16,400",/quant/opsz_max,48
Handjet,"ELGR,ELSH,wght@2,16,900",/quant/opsz_min,24
Handjet,"ELGR,ELSH,wght@2,16,900",/quant/opsz_max,48
Handjet,"ELGR,ELSH,wght@2,2,100",/quant/opsz_min,24
Handjet,"ELGR,ELSH,wght@2,2,100",/quant/opsz_max,48
Handjet,"ELGR,ELSH,wght@2,2,400",/quant/opsz_min,24
Handjet,"ELGR,ELSH,wght@2,2,400",/quant/opsz_max,48
Handjet,"ELGR,ELSH,wght@2,2,900",/quant/opsz_min,24
Handjet,"ELGR,ELSH,wght@2,2,900",/quant/opsz_max,48
Handlee,,/quant/opsz_min,24
Handlee,,/quant/opsz_max,48
Hanken Grotesk,wght@100,/quant/opsz_min,24
Hanken Grotesk,wght@100,/quant/opsz_max,48
Hanken Grotesk,wght@900,/quant/opsz_min,24
Hanken Grotesk,wght@900,/quant/opsz_max,48
Hanuman,wght@100,/quant/opsz_min,24
Hanuman,wght@100,/quant/opsz_max,48
Hanuman,wght@900,/quant/opsz_min,24
Hanuman,wght@900,/quant/opsz_max,48
Happy Monkey,,/quant/opsz_min,24
Happy Monkey,,/quant/opsz_max,48
Harmattan,,/quant/opsz_min,5
Harmattan,,/quant/opsz_max,24
Headland One,,/quant/opsz_min,5
Headland One,,/quant/opsz_max,24
Hedvig Letters Sans,,/quant/opsz_min,5
Hedvig Letters Sans,,/quant/opsz_max,24
Hedvig Letters Serif,,/quant/opsz_min,5
Hedvig Letters Serif,,/quant/opsz_max,24
Heebo,wght@100,/quant/opsz_min,24
Heebo,wght@100,/quant/opsz_max,48
Heebo,wght@900,/quant/opsz_min,24
Heebo,wght@900,/quant/opsz_max,48
Henny Penny,,/quant/opsz_min,24
Henny Penny,,/quant/opsz_max,48
Hepta Slab,wght@1,/quant/opsz_min,24
Hepta Slab,wght@1,/quant/opsz_max,48
Hepta Slab,wght@900,/quant/opsz_min,24
Hepta Slab,wght@900,/quant/opsz_max,48
Herr Von Muellerhoff,,/quant/opsz_min,24
Herr Von Muellerhoff,,/quant/opsz_max,48
Hi Melody,,/quant/opsz_min,24
Hi Melody,,/quant/opsz_max,48
Hina Mincho,,/quant/opsz_min,24
Hina Mincho,,/quant/opsz_max,48
Hind,,/quant/opsz_min,5
Hind,,/quant/opsz_max,24
Hind Guntur,,/quant/opsz_min,5
Hind Guntur,,/quant/opsz_max,24
Hind Madurai,,/quant/opsz_min,5
Hind Madurai,,/quant/opsz_max,24
Hind Mysuru,,/quant/opsz_min,5
Hind Mysuru,,/quant/opsz_max,24
Hind Siliguri,,/quant/opsz_min,5
Hind Siliguri,,/quant/opsz_max,24
Hind Vadodara,,/quant/opsz_min,5
Hind Vadodara,,/quant/opsz_max,24
Holtwood One SC,,/quant/opsz_min,24
Holtwood One SC,,/quant/opsz_max,48
Homenaje,,/quant/opsz_min,5
Homenaje,,/quant/opsz_max,24
Honk,,/quant/opsz_min,48
Honk,,/quant/opsz_max,300
Host Grotesk,wght@800,/quant/opsz_min,5
Host Grotesk,wght@800,/quant/opsz_max,24
Hubballi,,/quant/opsz_min,5
Hubballi,,/quant/opsz_max,24
Hubot Sans,"wdth,wght@125,200",/quant/opsz_min,24
Hubot Sans,"wdth,wght@125,200",/quant/opsz_max,48
Hubot Sans,"wdth,wght@125,900",/quant/opsz_min,24
Hubot Sans,"wdth,wght@125,900",/quant/opsz_max,48
Hubot Sans,"wdth,wght@75,900",/quant/opsz_min,24
Hubot Sans,"wdth,wght@75,900",/quant/opsz_max,48
Huninn,,/quant/opsz_min,5
Huninn,,/quant/opsz_max,24
Hurricane,,/quant/opsz_min,24
Hurricane,,/quant/opsz_max,48
Iansui,,/quant/opsz_min,5
Iansui,,/quant/opsz_max,24
Ibarra Real Nova,wght@700,/quant/opsz_min,5
Ibarra Real Nova,wght@700,/quant/opsz_max,24
IBM Plex Mono,,/quant/opsz_min,5
IBM Plex Mono,,/quant/opsz_max,24
IBM Plex Sans,"wdth,wght@100,100",/quant/opsz_min,24
IBM Plex Sans,"wdth,wght@100,100",/quant/opsz_max,48
IBM Plex Sans,"wdth,wght@100,700",/quant/opsz_min,5
IBM Plex Sans,"wdth,wght@100,700",/quant/opsz_max,24
IBM Plex Sans,"wdth,wght@75,100",/quant/opsz_min,24
IBM Plex Sans,"wdth,wght@75,100",/quant/opsz_max,48
IBM Plex Sans,"wdth,wght@75,400",/quant/opsz_min,5
IBM Plex Sans,"wdth,wght@75,400",/quant/opsz_max,24
IBM Plex Sans,"wdth,wght@75,700",/quant/opsz_min,5
IBM Plex Sans,"wdth,wght@75,700",/quant/opsz_max,24
IBM Plex Sans Arabic,,/quant/opsz_min,5
IBM Plex Sans Arabic,,/quant/opsz_max,24
IBM Plex Sans Condensed,,/quant/opsz_min,5
IBM Plex Sans Condensed,,/quant/opsz_max,24
IBM Plex Sans Devanagari,,/quant/opsz_min,5
IBM Plex Sans Devanagari,,/quant/opsz_max,24
IBM Plex Sans Hebrew,,/quant/opsz_min,5
IBM Plex Sans Hebrew,,/quant/opsz_max,24
IBM Plex Sans JP,,/quant/opsz_min,5
IBM Plex Sans JP,,/quant/opsz_max,24
IBM Plex Sans KR,,/quant/opsz_min,5
IBM Plex Sans KR,,/quant/opsz_max,24
IBM Plex Sans Thai,,/quant/opsz_min,5
IBM Plex Sans Thai,,/quant/opsz_max,24
IBM Plex Sans Thai Looped,,/quant/opsz_min,5
IBM Plex Sans Thai Looped,,/quant/opsz_max,24
IBM Plex Serif,,/quant/opsz_min,5
IBM Plex Serif,,/quant/opsz_max,24
Iceberg,,/quant/opsz_min,48
Iceberg,,/quant/opsz_max,300
Iceland,,/quant/opsz_min,24
Iceland,,/quant/opsz_max,48
Idiqlat,,/quant/opsz_min,5
Idiqlat,,/quant/opsz_max,24
IM Fell Double Pica,,/quant/opsz_min,24
IM Fell Double Pica,,/quant/opsz_max,48
IM Fell Double Pica SC,,/quant/opsz_min,24
IM Fell Double Pica SC,,/quant/opsz_max,48
IM Fell DW Pica,,/quant/opsz_min,24
IM Fell DW Pica,,/quant/opsz_max,48
IM Fell DW Pica SC,,/quant/opsz_min,24
IM Fell DW Pica SC,,/quant/opsz_max,48
IM Fell English,,/quant/opsz_min,24
IM Fell English,,/quant/opsz_max,48
IM Fell English SC,,/quant/opsz_min,24
IM Fell English SC,,/quant/opsz_max,48
IM Fell French Canon,,/quant/opsz_min,24
IM Fell French Canon,,/quant/opsz_max,48
IM Fell French Canon SC,,/quant/opsz_min,24
IM Fell French Canon SC,,/quant/opsz_max,48
IM Fell Great Primer,,/quant/opsz_min,24
IM Fell Great Primer,,/quant/opsz_max,48
IM Fell Great Primer SC,,/quant/opsz_min,24
IM Fell Great Primer SC,,/quant/opsz_max,48
Imbue,,/quant/opsz_min,24
Imbue,,/quant/opsz_max,48
Imperial Script,,/quant/opsz_min,24
Imperial Script,,/quant/opsz_max,48
Imprima,,/quant/opsz_min,5
Imprima,,/quant/opsz_max,24
Inclusive Sans,wght@300,/quant/opsz_min,5
Inclusive Sans,wght@300,/quant/opsz_max,24
Inclusive Sans,wght@700,/quant/opsz_min,5
Inclusive Sans,wght@700,/quant/opsz_max,24
Inconsolata,"wdth,wght@100,200",/quant/opsz_min,24
Inconsolata,"wdth,wght@100,200",/quant/opsz_max,48
Inconsolata,"wdth,wght@100,900",/quant/opsz_min,24
Inconsolata,"wdth,wght@100,900",/quant/opsz_max,48
Inconsolata,"wdth,wght@200,200",/quant/opsz_min,24
Inconsolata,"wdth,wght@200,200",/quant/opsz_max,48
Inconsolata,"wdth,wght@200,400",/quant/opsz_min,5
Inconsolata,"wdth,wght@200,400",/quant/opsz_max,24
Inconsolata,"wdth,wght@200,900",/quant/opsz_min,24
Inconsolata,"wdth,wght@200,900",/quant/opsz_max,48
Inconsolata,"wdth,wght@50,200",/quant/opsz_min,24
Inconsolata,"wdth,wght@50,200",/quant/opsz_max,48
Inconsolata,"wdth,wght@50,400",/quant/opsz_min,5
Inconsolata,"wdth,wght@50,400",/quant/opsz_max,24
Inconsolata,"wdth,wght@50,900",/quant/opsz_min,24
Inconsolata,"wdth,wght@50,900",/quant/opsz_max,48
Inder,,/quant/opsz_min,5
Inder,,/quant/opsz_max,24
Indie Flower,,/quant/opsz_min,24
Indie Flower,,/quant/opsz_max,48
Ingrid Darling,,/quant/opsz_min,24
Ingrid Darling,,/quant/opsz_max,48
Inika,,/quant/opsz_min,5
Inika,,/quant/opsz_max,24
Inknut Antiqua,,/quant/opsz_min,5
Inknut Antiqua,,/quant/opsz_max,24
Inria Sans,,/quant/opsz_min,5
Inria Sans,,/quant/opsz_max,24
Inria Serif,,/quant/opsz_min,5
Inria Serif,,/quant/opsz_max,24
Inspiration,,/quant/opsz_min,24
Inspiration,,/quant/opsz_max,48
Instrument Sans,"wdth,wght@100,700",/quant/opsz_min,5
Instrument Sans,"wdth,wght@100,700",/quant/opsz_max,24
Instrument Sans,"wdth,wght@75,400",/quant/opsz_min,5
Instrument Sans,"wdth,wght@75,400",/quant/opsz_max,24
Instrument Sans,"wdth,wght@75,700",/quant/opsz_min,5
Instrument Sans,"wdth,wght@75,700",/quant/opsz_max,24
Instrument Serif,,/quant/opsz_min,5
Instrument Serif,,/quant/opsz_max,24
Intel One Mono,wght@700,/quant/opsz_min,5
Intel One Mono,wght@700,/quant/opsz_max,24
Inter,,/quant/opsz_min,5
Inter,,/quant/opsz_max,24
Inter Tight,wght@100,/quant/opsz_min,24
Inter Tight,wght@100,/quant/opsz_max,48
Inter Tight,wght@900,/quant/opsz_min,24
Inter Tight,wght@900,/quant/opsz_max,48
Iosevka Charon,,/quant/opsz_min,5
Iosevka Charon,,/quant/opsz_max,24
Iosevka Charon Mono,,/quant/opsz_min,5
Iosevka Charon Mono,,/quant/opsz_max,24
Island Moments,,/quant/opsz_min,24
Island Moments,,/quant/opsz_max,48
Istok Web,,/quant/opsz_min,5
Istok Web,,/quant/opsz_max,24
Italiana,,/quant/opsz_min,24
Italiana,,/quant/opsz_max,48
Italianno,,/quant/opsz_min,24
Italianno,,/quant/opsz_max,48
Itim,,/quant/opsz_min,5
Itim,,/quant/opsz_max,24
Jacquard 12,,/quant/opsz_min,48
Jacquard 12,,/quant/opsz_max,300
Jacquard 12 Charted,,/quant/opsz_min,48
Jacquard 12 Charted,,/quant/opsz_max,300
Jacquard 24,,/quant/opsz_min,48
Jacquard 24,,/quant/opsz_max,300
Jacquard 24 Charted,,/quant/opsz_min,48
Jacquard 24 Charted,,/quant/opsz_max,300
Jacquarda Bastarda 9,,/quant/opsz_min,24
Jacquarda Bastarda 9,,/quant/opsz_max,48
Jacquarda Bastarda 9 Charted,,/quant/opsz_min,24
Jacquarda Bastarda 9 Charted,,/quant/opsz_max,48
Jacques Francois,,/quant/opsz_min,5
Jacques Francois,,/quant/opsz_max,24
Jacques Francois Shadow,,/quant/opsz_min,48
Jacques Francois Shadow,,/quant/opsz_max,300
Jaini,,/quant/opsz_min,24
Jaini,,/quant/opsz_max,48
Jaini Purva,,/quant/opsz_min,24
Jaini Purva,,/quant/opsz_max,48
Jaldi,,/quant/opsz_min,5
Jaldi,,/quant/opsz_max,24
Jaro,,/quant/opsz_min,24
Jaro,,/quant/opsz_max,48
Jersey 10,,/quant/opsz_min,48
Jersey 10,,/quant/opsz_max,300
Jersey 10 Charted,,/quant/opsz_min,48
Jersey 10 Charted,,/quant/opsz_max,300
Jersey 15,,/quant/opsz_min,48
Jersey 15,,/quant/opsz_max,300
Jersey 15 Charted,,/quant/opsz_min,48
Jersey 15 Charted,,/quant/opsz_max,300
Jersey 20,,/quant/opsz_min,48
Jersey 20,,/quant/opsz_max,300
Jersey 20 Charted,,/quant/opsz_min,48
Jersey 20 Charted,,/quant/opsz_max,300
Jersey 25,,/quant/opsz_min,48
Jersey 25,,/quant/opsz_max,300
Jersey 25 Charted,,/quant/opsz_min,48
Jersey 25 Charted,,/quant/opsz_max,300
JetBrains Mono,wght@100,/quant/opsz_min,24
JetBrains Mono,wght@100,/quant/opsz_max,48
JetBrains Mono,wght@800,/quant/opsz_min,5
JetBrains Mono,wght@800,/quant/opsz_max,24
Jim Nightshade,,/quant/opsz_min,24
Jim Nightshade,,/quant/opsz_max,48
Joan,,/quant/opsz_min,5
Joan,,/quant/opsz_max,24
Jockey One,,/quant/opsz_min,5
Jockey One,,/quant/opsz_max,24
Jolly Lodger,,/quant/opsz_min,24
Jolly Lodger,,/quant/opsz_max,48
Jomhuria,,/quant/opsz_min,24
Jomhuria,,/quant/opsz_max,48
Jomolhari,,/quant/opsz_min,5
Jomolhari,,/quant/opsz_max,24
Josefin Sans,wght@700,/quant/opsz_min,5
Josefin Sans,wght@700,/quant/opsz_max,24
Josefin Slab,wght@700,/quant/opsz_min,5
Josefin Slab,wght@700,/quant/opsz_max,24
Jost,wght@100,/quant/opsz_min,24
Jost,wght@100,/quant/opsz_max,48
Jost,wght@900,/quant/opsz_min,24
Jost,wght@900,/quant/opsz_max,48
Joti One,,/quant/opsz_min,24
Joti One,,/quant/opsz_max,48
Jua,,/quant/opsz_min,24
Jua,,/quant/opsz_max,48
Judson,,/quant/opsz_min,5
Judson,,/quant/opsz_max,24
Julee,,/quant/opsz_min,24
Julee,,/quant/opsz_max,48
Julius Sans One,,/quant/opsz_min,5
Julius Sans One,,/quant/opsz_max,24
Junge,,/quant/opsz_min,5
Junge,,/quant/opsz_max,24
Jura,wght@700,/quant/opsz_min,5
Jura,wght@700,/quant/opsz_max,24
Just Me Again Down Here,,/quant/opsz_min,24
Just Me Again Down Here,,/quant/opsz_max,48
K2D,,/quant/opsz_min,5
K2D,,/quant/opsz_max,24
Kablammo,,/quant/opsz_min,48
Kablammo,,/quant/opsz_max,300
Kadwa,,/quant/opsz_min,5
Kadwa,,/quant/opsz_max,24
Kaisei Decol,,/quant/opsz_min,5
Kaisei Decol,,/quant/opsz_max,24
Kaisei HarunoUmi,,/quant/opsz_min,5
Kaisei HarunoUmi,,/quant/opsz_max,24
Kaisei Opti,,/quant/opsz_min,5
Kaisei Opti,,/quant/opsz_max,24
Kaisei Tokumin,,/quant/opsz_min,5
Kaisei Tokumin,,/quant/opsz_max,24
Kalam,,/quant/opsz_min,5
Kalam,,/quant/opsz_max,24
Kalnia,"wdth,wght@100,700",/quant/opsz_min,5
Kalnia,"wdth,wght@100,700",/quant/opsz_max,24
Kalnia,"wdth,wght@125,100",/quant/opsz_min,24
Kalnia,"wdth,wght@125,100",/quant/opsz_max,48
Kalnia,"wdth,wght@125,700",/quant/opsz_min,5
Kalnia,"wdth,wght@125,700",/quant/opsz_max,24
Kalnia Glaze,"wdth,wght@100,700",/quant/opsz_min,24
Kalnia Glaze,"wdth,wght@100,700",/quant/opsz_max,48
Kalnia Glaze,"wdth,wght@125,100",/quant/opsz_min,24
Kalnia Glaze,"wdth,wght@125,100",/quant/opsz_max,48
Kalnia Glaze,"wdth,wght@125,700",/quant/opsz_min,24
Kalnia Glaze,"wdth,wght@125,700",/quant/opsz_max,48
Kameron,wght@700,/quant/opsz_min,5
Kameron,wght@700,/quant/opsz_max,24
Kanchenjunga,,/quant/opsz_min,5
Kanchenjunga,,/quant/opsz_max,24
Kanit,,/quant/opsz_min,5
Kanit,,/quant/opsz_max,24
Kantumruy Pro,wght@100,/quant/opsz_min,24
Kantumruy Pro,wght@100,/quant/opsz_max,48
Kantumruy Pro,wght@700,/quant/opsz_min,5
Kantumruy Pro,wght@700,/quant/opsz_max,24
Kapakana,wght@300,/quant/opsz_min,24
Kapakana,wght@300,/quant/opsz_max,48
Karantina,,/quant/opsz_min,24
Karantina,,/quant/opsz_max,48
Karla,wght@200,/quant/opsz_min,24
Karla,wght@200,/quant/opsz_max,48
Karla,wght@800,/quant/opsz_min,5
Karla,wght@800,/quant/opsz_max,24
Karla Tamil Inclined,,/quant/opsz_min,5
Karla Tamil Inclined,,/quant/opsz_max,24
Karla Tamil Upright,,/quant/opsz_min,5
Karla Tamil Upright,,/quant/opsz_max,24
Karma,,/quant/opsz_min,5
Karma,,/quant/opsz_max,24
Katibeh,,/quant/opsz_min,24
Katibeh,,/quant/opsz_max,48
Kaushan Script,,/quant/opsz_min,24
Kaushan Script,,/quant/opsz_max,48
Kavivanar,,/quant/opsz_min,24
Kavivanar,,/quant/opsz_max,48
Kavoon,,/quant/opsz_min,24
Kavoon,,/quant/opsz_max,48
Kay Pho Du,,/quant/opsz_min,5
Kay Pho Du,,/quant/opsz_max,24
Kdam Thmor Pro,,/quant/opsz_min,24
Kdam Thmor Pro,,/quant/opsz_max,48
Keania One,,/quant/opsz_min,24
Keania One,,/quant/opsz_max,48
Kedebideri,,/quant/opsz_min,5
Kedebideri,,/quant/opsz_max,24
Kelly Slab,,/quant/opsz_min,24
Kelly Slab,,/quant/opsz_max,48
Kenia,,/quant/opsz_min,24
Kenia,,/quant/opsz_max,48
Khand,,/quant/opsz_min,24
Khand,,/quant/opsz_max,48
Khmer,,/quant/opsz_min,5
Khmer,,/quant/opsz_max,24
Khula,,/quant/opsz_min,5
Khula,,/quant/opsz_max,24
Kings,,/quant/opsz_min,24
Kings,,/quant/opsz_max,48
Kirang Haerang,,/quant/opsz_min,48
Kirang Haerang,,/quant/opsz_max,300
Kite One,,/quant/opsz_min,5
Kite One,,/quant/opsz_max,24
Kiwi Maru,,/quant/opsz_min,5
Kiwi Maru,,/quant/opsz_max,24
Klee One,,/quant/opsz_min,5
Klee One,,/quant/opsz_max,24
Knewave,,/quant/opsz_min,24
Knewave,,/quant/opsz_max,48
Kodchasan,,/quant/opsz_min,5
Kodchasan,,/quant/opsz_max,24
Kode Mono,wght@700,/quant/opsz_min,5
Kode Mono,wght@700,/quant/opsz_max,24
Koh Santepheap,,/quant/opsz_min,5
Koh Santepheap,,/quant/opsz_max,24
KoHo,,/quant/opsz_min,5
KoHo,,/quant/opsz_max,24
Kolker Brush,,/quant/opsz_min,24
Kolker Brush,,/quant/opsz_max,48
Konkhmer Sleokchher,,/quant/opsz_min,5
Konkhmer Sleokchher,,/quant/opsz_max,24
Kotta One,,/quant/opsz_min,5
Kotta One,,/quant/opsz_max,24
Koulen,,/quant/opsz_min,24
Koulen,,/quant/opsz_max,48
Kreon,wght@700,/quant/opsz_min,5
Kreon,wght@700,/quant/opsz_max,24
Kristi,,/quant/opsz_min,24
Kristi,,/quant/opsz_max,48
Krona One,,/quant/opsz_min,5
Krona One,,/quant/opsz_max,24
Krub,,/quant/opsz_min,5
Krub,,/quant/opsz_max,24
Kufam,wght@900,/quant/opsz_min,24
Kufam,wght@900,/quant/opsz_max,48
Kulim Park,,/quant/opsz_min,5
Kulim Park,,/quant/opsz_max,24
Kumar One,,/quant/opsz_min,24
Kumar One,,/quant/opsz_max,48
Kumar One Outline,,/quant/opsz_min,24
Kumar One Outline,,/quant/opsz_max,48
Kumbh Sans,"YOPQ,wght@300,100",/quant/opsz_min,24
Kumbh Sans,"YOPQ,wght@300,100",/quant/opsz_max,48
Kumbh Sans,"YOPQ,wght@300,900",/quant/opsz_min,24
Kumbh Sans,"YOPQ,wght@300,900",/quant/opsz_max,48
Kumbh Sans,"YOPQ,wght@40,100",/quant/opsz_min,24
Kumbh Sans,"YOPQ,wght@40,100",/quant/opsz_max,48
Kumbh Sans,"YOPQ,wght@40,400",/quant/opsz_min,5
Kumbh Sans,"YOPQ,wght@40,400",/quant/opsz_max,24
Kumbh Sans,"YOPQ,wght@40,900",/quant/opsz_min,24
Kumbh Sans,"YOPQ,wght@40,900",/quant/opsz_max,48
Kurale,,/quant/opsz_min,5
Kurale,,/quant/opsz_max,24
La Belle Aurore,,/quant/opsz_min,24
La Belle Aurore,,/quant/opsz_max,48
Labrada,wght@100,/quant/opsz_min,24
Labrada,wght@100,/quant/opsz_max,48
Labrada,wght@900,/quant/opsz_min,24
Labrada,wght@900,/quant/opsz_max,48
Lacquer,,/quant/opsz_min,24
Lacquer,,/quant/opsz_max,48
Laila,,/quant/opsz_min,5
Laila,,/quant/opsz_max,24
Lakki Reddy,,/quant/opsz_min,24
Lakki Reddy,,/quant/opsz_max,48
Lalezar,,/quant/opsz_min,24
Lalezar,,/quant/opsz_max,48
Lancelot,,/quant/opsz_min,24
Lancelot,,/quant/opsz_max,48
Langar,,/quant/opsz_min,24
Langar,,/quant/opsz_max,48
Lateef,,/quant/opsz_min,5
Lateef,,/quant/opsz_max,24
Lato,,/quant/opsz_min,5
Lato,,/quant/opsz_max,24
Lavishly Yours,,/quant/opsz_min,24
Lavishly Yours,,/quant/opsz_max,48
League Gothic,,/quant/opsz_min,24
League Gothic,,/quant/opsz_max,48
League Script,,/quant/opsz_min,24
League Script,,/quant/opsz_max,48
League Spartan,wght@900,/quant/opsz_min,24
League Spartan,wght@900,/quant/opsz_max,48
Leckerli One,,/quant/opsz_min,24
Leckerli One,,/quant/opsz_max,48
Ledger,,/quant/opsz_min,5
Ledger,,/quant/opsz_max,24
Lekton,,/quant/opsz_min,5
Lekton,,/quant/opsz_max,24
Lemon,,/quant/opsz_min,24
Lemon,,/quant/opsz_max,48
Lemonada,wght@300,/quant/opsz_min,24
Lemonada,wght@300,/quant/opsz_max,48
Lemonada,wght@700,/quant/opsz_min,24
Lemonada,wght@700,/quant/opsz_max,48
Lexend,wght@100,/quant/opsz_min,24
Lexend,wght@100,/quant/opsz_max,48
Lexend,wght@900,/quant/opsz_min,24
Lexend,wght@900,/quant/opsz_max,48
Lexend Deca,wght@100,/quant/opsz_min,24
Lexend Deca,wght@100,/quant/opsz_max,48
Lexend Deca,wght@900,/quant/opsz_min,24
Lexend Deca,wght@900,/quant/opsz_max,48
Lexend Exa,wght@100,/quant/opsz_min,24
Lexend Exa,wght@100,/quant/opsz_max,48
Lexend Exa,wght@900,/quant/opsz_min,24
Lexend Exa,wght@900,/quant/opsz_max,48
Lexend Giga,wght@100,/quant/opsz_min,24
Lexend Giga,wght@100,/quant/opsz_max,48
Lexend Giga,wght@900,/quant/opsz_min,24
Lexend Giga,wght@900,/quant/opsz_max,48
Lexend Mega,wght@100,/quant/opsz_min,24
Lexend Mega,wght@100,/quant/opsz_max,48
Lexend Mega,wght@900,/quant/opsz_min,24
Lexend Mega,wght@900,/quant/opsz_max,48
Lexend Peta,wght@100,/quant/opsz_min,24
Lexend Peta,wght@100,/quant/opsz_max,48
Lexend Peta,wght@900,/quant/opsz_min,24
Lexend Peta,wght@900,/quant/opsz_max,48
Lexend Tera,wght@100,/quant/opsz_min,24
Lexend Tera,wght@100,/quant/opsz_max,48
Lexend Tera,wght@900,/quant/opsz_min,24
Lexend Tera,wght@900,/quant/opsz_max,48
Lexend Zetta,wght@100,/quant/opsz_min,24
Lexend Zetta,wght@100,/quant/opsz_max,48
Lexend Zetta,wght@900,/quant/opsz_min,24
Lexend Zetta,wght@900,/quant/opsz_max,48
Libertinus Keyboard,,/quant/opsz_min,24
Libertinus Keyboard,,/quant/opsz_max,48
Libertinus Math,,/quant/opsz_min,5
Libertinus Math,,/quant/opsz_max,24
Libertinus Mono,,/quant/opsz_min,5
Libertinus Mono,,/quant/opsz_max,24
Libertinus Sans,,/quant/opsz_min,5
Libertinus Sans,,/quant/opsz_max,24
Libertinus Serif,,/quant/opsz_min,5
Libertinus Serif,,/quant/opsz_max,24
Libertinus Serif Display,,/quant/opsz_min,5
Libertinus Serif Display,,/quant/opsz_max,24
Libre Barcode 128,,/quant/opsz_min,48
Libre Barcode 128,,/quant/opsz_max,300
Libre Barcode 128 Text,,/quant/opsz_min,48
Libre Barcode 128 Text,,/quant/opsz_max,300
Libre Barcode 39,,/quant/opsz_min,48
Libre Barcode 39,,/quant/opsz_max,300
Libre Barcode 39 Extended,,/quant/opsz_min,48
Libre Barcode 39 Extended,,/quant/opsz_max,300
Libre Barcode 39 Extended Text,,/quant/opsz_min,48
Libre Barcode 39 Extended Text,,/quant/opsz_max,300
Libre Barcode 39 Text,,/quant/opsz_min,48
Libre Barcode 39 Text,,/quant/opsz_max,300
Libre Barcode EAN13 Text,,/quant/opsz_min,48
Libre Barcode EAN13 Text,,/quant/opsz_max,300
Libre Baskerville,wght@700,/quant/opsz_min,5
Libre Baskerville,wght@700,/quant/opsz_max,24
Libre Bodoni,wght@700,/quant/opsz_min,5
Libre Bodoni,wght@700,/quant/opsz_max,24
Libre Caslon Display,,/quant/opsz_min,5
Libre Caslon Display,,/quant/opsz_max,24
Libre Caslon Text,wght@700,/quant/opsz_min,5
Libre Caslon Text,wght@700,/quant/opsz_max,24
Libre Franklin,wght@900,/quant/opsz_min,24
Libre Franklin,wght@900,/quant/opsz_max,48
Licorice,,/quant/opsz_min,24
Licorice,,/quant/opsz_max,48
Life Savers,,/quant/opsz_min,24
Life Savers,,/quant/opsz_max,48
Lilex,wght@100,/quant/opsz_min,24
Lilex,wght@100,/quant/opsz_max,48
Lilex,wght@700,/quant/opsz_min,5
Lilex,wght@700,/quant/opsz_max,24
Lilita One,,/quant/opsz_min,24
Lilita One,,/quant/opsz_max,48
Lily Script One,,/quant/opsz_min,24
Lily Script One,,/quant/opsz_max,48
Limelight,,/quant/opsz_min,48
Limelight,,/quant/opsz_max,300
Linden Hill,,/quant/opsz_min,24
Linden Hill,,/quant/opsz_max,48
LINE Seed JP,,/quant/opsz_min,5
LINE Seed JP,,/quant/opsz_max,24
Linefont,"wdth,wght@100,1000",/quant/opsz_min,24
Linefont,"wdth,wght@100,1000",/quant/opsz_max,48
Linefont,"wdth,wght@100,4",/quant/opsz_min,24
Linefont,"wdth,wght@100,4",/quant/opsz_max,48
Linefont,"wdth,wght@200,100",/quant/opsz_min,24
Linefont,"wdth,wght@200,100",/quant/opsz_max,48
Linefont,"wdth,wght@200,1000",/quant/opsz_min,24
Linefont,"wdth,wght@200,1000",/quant/opsz_max,48
Linefont,"wdth,wght@200,4",/quant/opsz_min,24
Linefont,"wdth,wght@200,4",/quant/opsz_max,48
Linefont,"wdth,wght@25,100",/quant/opsz_min,24
Linefont,"wdth,wght@25,100",/quant/opsz_max,48
Linefont,"wdth,wght@25,1000",/quant/opsz_min,24
Linefont,"wdth,wght@25,1000",/quant/opsz_max,48
Linefont,"wdth,wght@25,4",/quant/opsz_min,24
Linefont,"wdth,wght@25,4",/quant/opsz_max,48
Lisu Bosa,,/quant/opsz_min,5
Lisu Bosa,,/quant/opsz_max,24
Liter,,/quant/opsz_min,5
Liter,,/quant/opsz_max,24
Literata,,/quant/opsz_min,5
Literata,,/quant/opsz_max,24
Liu Jian Mao Cao,,/quant/opsz_min,24
Liu Jian Mao Cao,,/quant/opsz_max,48
Livvic,,/quant/opsz_min,5
Livvic,,/quant/opsz_max,24
Lobster,,/quant/opsz_min,48
Lobster,,/quant/opsz_max,300
Lobster Two,,/quant/opsz_min,24
Lobster Two,,/quant/opsz_max,48
Lohit Bengali,,/quant/opsz_min,5
Lohit Bengali,,/quant/opsz_max,24
Lohit Tamil,,/quant/opsz_min,5
Lohit Tamil,,/quant/opsz_max,24
Londrina Outline,,/quant/opsz_min,24
Londrina Outline,,/quant/opsz_max,48
Londrina Shadow,,/quant/opsz_min,24
Londrina Shadow,,/quant/opsz_max,48
Londrina Sketch,,/quant/opsz_min,24
Londrina Sketch,,/quant/opsz_max,48
Londrina Solid,,/quant/opsz_min,24
Londrina Solid,,/quant/opsz_max,48
Long Cang,,/quant/opsz_min,24
Long Cang,,/quant/opsz_max,48
Lora,wght@700,/quant/opsz_min,5
Lora,wght@700,/quant/opsz_max,24
Love Light,,/quant/opsz_min,24
Love Light,,/quant/opsz_max,48
Love Ya Like A Sister,,/quant/opsz_min,24
Love Ya Like A Sister,,/quant/opsz_max,48
Loved by the King,,/quant/opsz_min,24
Loved by the King,,/quant/opsz_max,48
Lovers Quarrel,,/quant/opsz_min,24
Lovers Quarrel,,/quant/opsz_max,48
Lugrasimo,,/quant/opsz_min,24
Lugrasimo,,/quant/opsz_max,48
Lumanosimo,,/quant/opsz_min,24
Lumanosimo,,/quant/opsz_max,48
Lunasima,,/quant/opsz_min,5
Lunasima,,/quant/opsz_max,24
Lusitana,,/quant/opsz_min,5
Lusitana,,/quant/opsz_max,24
Lustria,,/quant/opsz_min,5
Lustria,,/quant/opsz_max,24
Luxurious Roman,,/quant/opsz_min,5
Luxurious Roman,,/quant/opsz_max,24
Luxurious Script,,/quant/opsz_min,24
Luxurious Script,,/quant/opsz_max,48
LXGW Marker Gothic,,/quant/opsz_min,24
LXGW Marker Gothic,,/quant/opsz_max,48
LXGW WenKai Mono TC,,/quant/opsz_min,24
LXGW WenKai Mono TC,,/quant/opsz_max,48
LXGW WenKai TC,,/quant/opsz_min,24
LXGW WenKai TC,,/quant/opsz_max,48
M PLUS 1,wght@900,/quant/opsz_min,24
M PLUS 1,wght@900,/quant/opsz_max,48
M PLUS 1 Code,wght@100,/quant/opsz_min,24
M PLUS 1 Code,wght@100,/quant/opsz_max,48
M PLUS 2,wght@900,/quant/opsz_min,24
M PLUS 2,wght@900,/quant/opsz_max,48
M PLUS Code Latin,"wdth,wght@100,100",/quant/opsz_min,24
M PLUS Code Latin,"wdth,wght@100,100",/quant/opsz_max,48
M PLUS Code Latin,"wdth,wght@125,100",/quant/opsz_min,24
M PLUS Code Latin,"wdth,wght@125,100",/quant/opsz_max,48
M PLUS U,wght@900,/quant/opsz_min,24
M PLUS U,wght@900,/quant/opsz_max,48
Ma Shan Zheng,,/quant/opsz_min,24
Ma Shan Zheng,,/quant/opsz_max,48
Macondo,,/quant/opsz_min,24
Macondo,,/quant/opsz_max,48
Macondo Swash Caps,,/quant/opsz_min,24
Macondo Swash Caps,,/quant/opsz_max,48
Mada,wght@200,/quant/opsz_min,24
Mada,wght@200,/quant/opsz_max,48
Mada,wght@900,/quant/opsz_min,24
Mada,wght@900,/quant/opsz_max,48
Madimi One,,/quant/opsz_min,24
Madimi One,,/quant/opsz_max,48
Magra,,/quant/opsz_min,5
Magra,,/quant/opsz_max,24
Maitree,,/quant/opsz_min,5
Maitree,,/quant/opsz_max,24
Major Mono Display,,/quant/opsz_min,24
Major Mono Display,,/quant/opsz_max,48
Mako,,/quant/opsz_min,5
Mako,,/quant/opsz_max,24
Mali,,/quant/opsz_min,5
Mali,,/quant/opsz_max,24
Mallanna,,/quant/opsz_min,5
Mallanna,,/quant/opsz_max,24
Maname,,/quant/opsz_min,5
Maname,,/quant/opsz_max,24
Mandali,,/quant/opsz_min,5
Mandali,,/quant/opsz_max,24
Manjari,,/quant/opsz_min,5
Manjari,,/quant/opsz_max,24
Manrope,wght@800,/quant/opsz_min,5
Manrope,wght@800,/quant/opsz_max,24
Mansalva,,/quant/opsz_min,24
Mansalva,,/quant/opsz_max,48
Manuale,wght@300,/quant/opsz_min,5
Manuale,wght@300,/quant/opsz_max,24
Manuale,wght@800,/quant/opsz_min,5
Manuale,wght@800,/quant/opsz_max,24
Manufacturing Consent,,/quant/opsz_min,24
Manufacturing Consent,,/quant/opsz_max,48
Marcellus,,/quant/opsz_min,5
Marcellus,,/quant/opsz_max,24
Marcellus SC,,/quant/opsz_min,5
Marcellus SC,,/quant/opsz_max,24
Marck Script,,/quant/opsz_min,24
Marck Script,,/quant/opsz_max,48
Margarine,,/quant/opsz_min,24
Margarine,,/quant/opsz_max,48
Marhey,wght@700,/quant/opsz_min,24
Marhey,wght@700,/quant/opsz_max,48
Markazi Text,wght@700,/quant/opsz_min,5
Markazi Text,wght@700,/quant/opsz_max,24
Marko One,,/quant/opsz_min,5
Marko One,,/quant/opsz_max,24
Marmelad,,/quant/opsz_min,5
Marmelad,,/quant/opsz_max,24
Martel,,/quant/opsz_min,5
Martel,,/quant/opsz_max,24
Martel Sans,,/quant/opsz_min,5
Martel Sans,,/quant/opsz_max,24
Martian Mono,"wdth,wght@112.5,100",/quant/opsz_min,24
Martian Mono,"wdth,wght@112.5,100",/quant/opsz_max,48
Martian Mono,"wdth,wght@112.5,800",/quant/opsz_min,5
Martian Mono,"wdth,wght@112.5,800",/quant/opsz_max,24
Martian Mono,"wdth,wght@75,100",/quant/opsz_min,24
Martian Mono,"wdth,wght@75,100",/quant/opsz_max,48
Martian Mono,"wdth,wght@75,400",/quant/opsz_min,5
Martian Mono,"wdth,wght@75,400",/quant/opsz_max,24
Martian Mono,"wdth,wght@75,800",/quant/opsz_min,5
Martian Mono,"wdth,wght@75,800",/quant/opsz_max,24
Marvel,,/quant/opsz_min,5
Marvel,,/quant/opsz_max,24
Matangi,wght@900,/quant/opsz_min,24
Matangi,wght@900,/quant/opsz_max,48
Mate,,/quant/opsz_min,5
Mate,,/quant/opsz_max,24
Mate SC,,/quant/opsz_min,5
Mate SC,,/quant/opsz_max,24
Matemasie,,/quant/opsz_min,24
Matemasie,,/quant/opsz_max,48
Maven Pro,wght@900,/quant/opsz_min,24
Maven Pro,wght@900,/quant/opsz_max,48
McLaren,,/quant/opsz_min,5
McLaren,,/quant/opsz_max,24
Mea Culpa,,/quant/opsz_min,24
Mea Culpa,,/quant/opsz_max,48
Meddon,,/quant/opsz_min,24
Meddon,,/quant/opsz_max,48
MedievalSharp,,/quant/opsz_min,24
MedievalSharp,,/quant/opsz_max,48
Medula One,,/quant/opsz_min,24
Medula One,,/quant/opsz_max,48
Meera Inimai,,/quant/opsz_min,5
Meera Inimai,,/quant/opsz_max,24
Megrim,,/quant/opsz_min,24
Megrim,,/quant/opsz_max,48
Meie Script,,/quant/opsz_min,24
Meie Script,,/quant/opsz_max,48
Menbere,wght@100,/quant/opsz_min,24
Menbere,wght@100,/quant/opsz_max,48
Menbere,wght@700,/quant/opsz_min,5
Menbere,wght@700,/quant/opsz_max,24
Meow Script,,/quant/opsz_min,24
Meow Script,,/quant/opsz_max,48
Merienda,wght@900,/quant/opsz_min,24
Merienda,wght@900,/quant/opsz_max,48
Michroma,,/quant/opsz_min,5
Michroma,,/quant/opsz_max,24
Momo Trust Sans,wght@200,/quant/opsz_min,24
Momo Trust Sans,wght@200,/quant/opsz_max,48
Mona Sans,"wdth,wght@100,900",/quant/opsz_min,24
Mona Sans,"wdth,wght@100,900",/quant/opsz_max,48
Mona Sans,"wdth,wght@125,200",/quant/opsz_min,24
Mona Sans,"wdth,wght@125,200",/quant/opsz_max,48
Mona Sans,"wdth,wght@125,900",/quant/opsz_min,24
Mona Sans,"wdth,wght@125,900",/quant/opsz_max,48
Mona Sans,"wdth,wght@75,200",/quant/opsz_min,24
Mona Sans,"wdth,wght@75,200",/quant/opsz_max,48
Mona Sans,"wdth,wght@75,900",/quant/opsz_min,24
Mona Sans,"wdth,wght@75,900",/quant/opsz_max,48
Monoton,,/quant/opsz_min,48
Monoton,,/quant/opsz_max,300
Montserrat,wght@900,/quant/opsz_min,24
Montserrat,wght@900,/quant/opsz_max,48
Montserrat Underline,wght@900,/quant/opsz_min,24
Montserrat Underline,wght@900,/quant/opsz_max,48
Mozilla Headline,"wdth,wght@100,700",/quant/opsz_min,5
Mozilla Headline,"wdth,wght@100,700",/quant/opsz_max,24
Mozilla Headline,"wdth,wght@125,200",/quant/opsz_min,24
Mozilla Headline,"wdth,wght@125,200",/quant/opsz_max,48
Mozilla Headline,"wdth,wght@125,700",/quant/opsz_min,5
Mozilla Headline,"wdth,wght@125,700",/quant/opsz_max,24
Mozilla Headline,"wdth,wght@75,200",/quant/opsz_min,24
Mozilla Headline,"wdth,wght@75,200",/quant/opsz_max,48
Mozilla Headline,"wdth,wght@75,700",/quant/opsz_min,5
Mozilla Headline,"wdth,wght@75,700",/quant/opsz_max,24
Mulish,wght@1000,/quant/opsz_min,24
Mulish,wght@1000,/quant/opsz_max,48
Murecho,wght@900,/quant/opsz_min,24
Murecho,wght@900,/quant/opsz_max,48
MuseoModerno,wght@900,/quant/opsz_min,24
MuseoModerno,wght@900,/quant/opsz_max,48
Nabla,,/quant/opsz_min,48
Nabla,,/quant/opsz_max,300
Nata Sans,wght@100,/quant/opsz_min,24
Nata Sans,wght@100,/quant/opsz_max,48
Nata Sans,wght@900,/quant/opsz_min,24
Nata Sans,wght@900,/quant/opsz_max,48
National Park,wght@200,/quant/opsz_min,24
National Park,wght@200,/quant/opsz_max,48
Nokora,wght@100,/quant/opsz_min,24
Nokora,wght@100,/quant/opsz_max,48
Nokora,wght@900,/quant/opsz_min,24
Nokora,wght@900,/quant/opsz_max,48
Noto Kufi Arabic,wght@100,/quant/opsz_min,24
Noto Kufi Arabic,wght@100,/quant/opsz_max,48
Noto Kufi Arabic,wght@900,/quant/opsz_min,24
Noto Kufi Arabic,wght@900,/quant/opsz_max,48
Noto Rashi Hebrew,wght@100,/quant/opsz_min,24
Noto Rashi Hebrew,wght@100,/quant/opsz_max,48
Noto Rashi Hebrew,wght@900,/quant/opsz_min,24
Noto Rashi Hebrew,wght@900,/quant/opsz_max,48
Noto Sans,"wdth,wght@100,100",/quant/opsz_min,24
Noto Sans,"wdth,wght@100,100",/quant/opsz_max,48
Noto Sans,"wdth,wght@100,900",/quant/opsz_min,24
Noto Sans,"wdth,wght@100,900",/quant/opsz_max,48
Noto Sans,"wdth,wght@62.5,100",/quant/opsz_min,24
Noto Sans,"wdth,wght@62.5,100",/quant/opsz_max,48
Noto Sans,"wdth,wght@62.5,400",/quant/opsz_min,5
Noto Sans,"wdth,wght@62.5,400",/quant/opsz_max,24
Noto Sans,"wdth,wght@62.5,900",/quant/opsz_min,24
Noto Sans,"wdth,wght@62.5,900",/quant/opsz_max,48
Noto Sans Arabic,"wdth,wght@100,100",/quant/opsz_min,24
Noto Sans Arabic,"wdth,wght@100,100",/quant/opsz_max,48
Noto Sans Arabic,"wdth,wght@100,900",/quant/opsz_min,24
Noto Sans Arabic,"wdth,wght@100,900",/quant/opsz_max,48
Noto Sans Arabic,"wdth,wght@62.5,100",/quant/opsz_min,24
Noto Sans Arabic,"wdth,wght@62.5,100",/quant/opsz_max,48
Noto Sans Arabic,"wdth,wght@62.5,900",/quant/opsz_min,24
Noto Sans Arabic,"wdth,wght@62.5,900",/quant/opsz_max,48
Noto Sans Arabic UI,"wdth,wght@100,100",/quant/opsz_min,24
Noto Sans Arabic UI,"wdth,wght@100,100",/quant/opsz_max,48
Noto Sans Arabic UI,"wdth,wght@100,900",/quant/opsz_min,24
Noto Sans Arabic UI,"wdth,wght@100,900",/quant/opsz_max,48
Noto Sans Arabic UI,"wdth,wght@62.5,100",/quant/opsz_min,24
Noto Sans Arabic UI,"wdth,wght@62.5,100",/quant/opsz_max,48
Noto Sans Arabic UI,"wdth,wght@62.5,900",/quant/opsz_min,24
Noto Sans Arabic UI,"wdth,wght@62.5,900",/quant/opsz_max,48
Noto Sans Armenian,"wdth,wght@100,100",/quant/opsz_min,24
Noto Sans Armenian,"wdth,wght@100,100",/quant/opsz_max,48
Noto Sans Armenian,"wdth,wght@100,900",/quant/opsz_min,24
Noto Sans Armenian,"wdth,wght@100,900",/quant/opsz_max,48
Noto Sans Armenian,"wdth,wght@62.5,100",/quant/opsz_min,24
Noto Sans Armenian,"wdth,wght@62.5,100",/quant/opsz_max,48
Noto Sans Armenian,"wdth,wght@62.5,900",/quant/opsz_min,24
Noto Sans Armenian,"wdth,wght@62.5,900",/quant/opsz_max,48
Noto Sans Bengali,"wdth,wght@100,100",/quant/opsz_min,24
Noto Sans Bengali,"wdth,wght@100,100",/quant/opsz_max,48
Noto Sans Bengali,"wdth,wght@100,900",/quant/opsz_min,24
Noto Sans Bengali,"wdth,wght@100,900",/quant/opsz_max,48
Noto Sans Bengali,"wdth,wght@62.5,100",/quant/opsz_min,24
Noto Sans Bengali,"wdth,wght@62.5,100",/quant/opsz_max,48
Noto Sans Bengali,"wdth,wght@62.5,900",/quant/opsz_min,24
Noto Sans Bengali,"wdth,wght@62.5,900",/quant/opsz_max,48
Noto Sans Bengali UI,"wdth,wght@100,100",/quant/opsz_min,24
Noto Sans Bengali UI,"wdth,wght@100,100",/quant/opsz_max,48
Noto Sans Bengali UI,"wdth,wght@100,900",/quant/opsz_min,24
Noto Sans Bengali UI,"wdth,wght@100,900",/quant/opsz_max,48
Noto Sans Bengali UI,"wdth,wght@62.5,100",/quant/opsz_min,24
Noto Sans Bengali UI,"wdth,wght@62.5,100",/quant/opsz_max,48
Noto Sans Bengali UI,"wdth,wght@62.5,900",/quant/opsz_min,24
Noto Sans Bengali UI,"wdth,wght@62.5,900",/quant/opsz_max,48
Noto Sans Canadian Aboriginal,wght@100,/quant/opsz_min,24
Noto Sans Canadian Aboriginal,wght@100,/quant/opsz_max,48
Noto Sans Canadian Aboriginal,wght@900,/quant/opsz_min,24
Noto Sans Canadian Aboriginal,wght@900,/quant/opsz_max,48
Noto Sans Cham,wght@100,/quant/opsz_min,24
Noto Sans Cham,wght@100,/quant/opsz_max,48
Noto Sans Cham,wght@900,/quant/opsz_min,24
Noto Sans Cham,wght@900,/quant/opsz_max,48
Noto Sans Cherokee,wght@100,/quant/opsz_min,24
Noto Sans Cherokee,wght@100,/quant/opsz_max,48
Noto Sans Cherokee,wght@900,/quant/opsz_min,24
Noto Sans Cherokee,wght@900,/quant/opsz_max,48
Noto Sans Devanagari,"wdth,wght@100,100",/quant/opsz_min,24
Noto Sans Devanagari,"wdth,wght@100,100",/quant/opsz_max,48
Noto Sans Devanagari,"wdth,wght@100,900",/quant/opsz_min,24
Noto Sans Devanagari,"wdth,wght@100,900",/quant/opsz_max,48
Noto Sans Devanagari,"wdth,wght@62.5,100",/quant/opsz_min,24
Noto Sans Devanagari,"wdth,wght@62.5,100",/quant/opsz_max,48
Noto Sans Devanagari,"wdth,wght@62.5,900",/quant/opsz_min,24
Noto Sans Devanagari,"wdth,wght@62.5,900",/quant/opsz_max,48
Noto Sans Display,"wdth,wght@100,100",/quant/opsz_min,24
Noto Sans Display,"wdth,wght@100,100",/quant/opsz_max,48
Noto Sans Display,"wdth,wght@100,900",/quant/opsz_min,24
Noto Sans Display,"wdth,wght@100,900",/quant/opsz_max,48
Noto Sans Display,"wdth,wght@62.5,100",/quant/opsz_min,24
Noto Sans Display,"wdth,wght@62.5,100",/quant/opsz_max,48
Noto Sans Display,"wdth,wght@62.5,900",/quant/opsz_min,24
Noto Sans Display,"wdth,wght@62.5,900",/quant/opsz_max,48
Noto Sans Ethiopic,"wdth,wght@100,100",/quant/opsz_min,24
Noto Sans Ethiopic,"wdth,wght@100,100",/quant/opsz_max,48
Noto Sans Ethiopic,"wdth,wght@100,900",/quant/opsz_min,24
Noto Sans Ethiopic,"wdth,wght@100,900",/quant/opsz_max,48
Noto Sans Ethiopic,"wdth,wght@62.5,100",/quant/opsz_min,24
Noto Sans Ethiopic,"wdth,wght@62.5,100",/quant/opsz_max,48
Noto Sans Ethiopic,"wdth,wght@62.5,900",/quant/opsz_min,24
Noto Sans Ethiopic,"wdth,wght@62.5,900",/quant/opsz_max,48
Noto Sans Georgian,"wdth,wght@100,100",/quant/opsz_min,24
Noto Sans Georgian,"wdth,wght@100,100",/quant/opsz_max,48
Noto Sans Georgian,"wdth,wght@100,900",/quant/opsz_min,24
Noto Sans Georgian,"wdth,wght@100,900",/quant/opsz_max,48
Noto Sans Georgian,"wdth,wght@62.5,100",/quant/opsz_min,24
Noto Sans Georgian,"wdth,wght@62.5,100",/quant/opsz_max,48
Noto Sans Georgian,"wdth,wght@62.5,900",/quant/opsz_min,24
Noto Sans Georgian,"wdth,wght@62.5,900",/quant/opsz_max,48
Noto Sans Gujarati,"wdth,wght@100,100",/quant/opsz_min,24
Noto Sans Gujarati,"wdth,wght@100,100",/quant/opsz_max,48
Noto Sans Gujarati,"wdth,wght@100,900",/quant/opsz_min,24
Noto Sans Gujarati,"wdth,wght@100,900",/quant/opsz_max,48
Noto Sans Gujarati,"wdth,wght@62.5,100",/quant/opsz_min,24
Noto Sans Gujarati,"wdth,wght@62.5,100",/quant/opsz_max,48
Noto Sans Gujarati,"wdth,wght@62.5,900",/quant/opsz_min,24
Noto Sans Gujarati,"wdth,wght@62.5,900",/quant/opsz_max,48
Noto Sans Gurmukhi,"wdth,wght@100,100",/quant/opsz_min,24
Noto Sans Gurmukhi,"wdth,wght@100,100",/quant/opsz_max,48
Noto Sans Gurmukhi,"wdth,wght@100,900",/quant/opsz_min,24
Noto Sans Gurmukhi,"wdth,wght@100,900",/quant/opsz_max,48
Noto Sans Gurmukhi,"wdth,wght@62.5,100",/quant/opsz_min,24
Noto Sans Gurmukhi,"wdth,wght@62.5,100",/quant/opsz_max,48
Noto Sans Gurmukhi,"wdth,wght@62.5,900",/quant/opsz_min,24
Noto Sans Gurmukhi,"wdth,wght@62.5,900",/quant/opsz_max,48
Noto Sans Gurmukhi UI,"wdth,wght@100,100",/quant/opsz_min,24
Noto Sans Gurmukhi UI,"wdth,wght@100,100",/quant/opsz_max,48
Noto Sans Gurmukhi UI,"wdth,wght@100,900",/quant/opsz_min,24
Noto Sans Gurmukhi UI,"wdth,wght@100,900",/quant/opsz_max,48
Noto Sans Gurmukhi UI,"wdth,wght@62.5,100",/quant/opsz_min,24
Noto Sans Gurmukhi UI,"wdth,wght@62.5,100",/quant/opsz_max,48
Noto Sans Gurmukhi UI,"wdth,wght@62.5,900",/quant/opsz_min,24
Noto Sans Gurmukhi UI,"wdth,wght@62.5,900",/quant/opsz_max,48
Noto Sans Hebrew,"wdth,wght@100,900",/quant/opsz_min,24
Noto Sans Hebrew,"wdth,wght@100,900",/quant/opsz_max,48
Noto Sans Hebrew,"wdth,wght@62.5,100",/quant/opsz_min,24
Noto Sans Hebrew,"wdth,wght@62.5,100",/quant/opsz_max,48
Noto Sans Hebrew,"wdth,wght@62.5,900",/quant/opsz_min,24
Noto Sans Hebrew,"wdth,wght@62.5,900",/quant/opsz_max,48
Noto Sans HK,wght@900,/quant/opsz_min,24
Noto Sans HK,wght@900,/quant/opsz_max,48
Noto Sans JP,wght@900,/quant/opsz_min,24
Noto Sans JP,wght@900,/quant/opsz_max,48
Noto Sans Kannada,"wdth,wght@100,100",/quant/opsz_min,24
Noto Sans Kannada,"wdth,wght@100,100",/quant/opsz_max,48
Noto Sans Kannada,"wdth,wght@100,900",/quant/opsz_min,24
Noto Sans Kannada,"wdth,wght@100,900",/quant/opsz_max,48
Noto Sans Kannada,"wdth,wght@62.5,100",/quant/opsz_min,24
Noto Sans Kannada,"wdth,wght@62.5,100",/quant/opsz_max,48
Noto Sans Kannada,"wdth,wght@62.5,900",/quant/opsz_min,24
Noto Sans Kannada,"wdth,wght@62.5,900",/quant/opsz_max,48
Noto Sans Kannada UI,"wdth,wght@100,100",/quant/opsz_min,24
Noto Sans Kannada UI,"wdth,wght@100,100",/quant/opsz_max,48
Noto Sans Kannada UI,"wdth,wght@100,900",/quant/opsz_min,24
Noto Sans Kannada UI,"wdth,wght@100,900",/quant/opsz_max,48
Noto Sans Kannada UI,"wdth,wght@62.5,100",/quant/opsz_min,24
Noto Sans Kannada UI,"wdth,wght@62.5,100",/quant/opsz_max,48
Noto Sans Kannada UI,"wdth,wght@62.5,900",/quant/opsz_min,24
Noto Sans Kannada UI,"wdth,wght@62.5,900",/quant/opsz_max,48
Noto Sans Khmer,"wdth,wght@100,100",/quant/opsz_min,24
Noto Sans Khmer,"wdth,wght@100,100",/quant/opsz_max,48
Noto Sans Khmer,"wdth,wght@100,900",/quant/opsz_min,24
Noto Sans Khmer,"wdth,wght@100,900",/quant/opsz_max,48
Noto Sans Khmer,"wdth,wght@62.5,100",/quant/opsz_min,24
Noto Sans Khmer,"wdth,wght@62.5,100",/quant/opsz_max,48
Noto Sans Khmer,"wdth,wght@62.5,900",/quant/opsz_min,24
Noto Sans Khmer,"wdth,wght@62.5,900",/quant/opsz_max,48
Noto Sans Khmer UI,"wdth,wght@100,100",/quant/opsz_min,24
Noto Sans Khmer UI,"wdth,wght@100,100",/quant/opsz_max,48
Noto Sans Khmer UI,"wdth,wght@100,900",/quant/opsz_min,24
Noto Sans Khmer UI,"wdth,wght@100,900",/quant/opsz_max,48
Noto Sans Khmer UI,"wdth,wght@62.5,100",/quant/opsz_min,24
Noto Sans Khmer UI,"wdth,wght@62.5,100",/quant/opsz_max,48
Noto Sans Khmer UI,"wdth,wght@62.5,900",/quant/opsz_min,24
Noto Sans Khmer UI,"wdth,wght@62.5,900",/quant/opsz_max,48
Noto Sans KR,wght@900,/quant/opsz_min,24
Noto Sans KR,wght@900,/quant/opsz_max,48
Noto Sans Lao,"wdth,wght@100,100",/quant/opsz_min,24
Noto Sans Lao,"wdth,wght@100,100",/quant/opsz_max,48
Noto Sans Lao,"wdth,wght@100,900",/quant/opsz_min,24
Noto Sans Lao,"wdth,wght@100,900",/quant/opsz_max,48
Noto Sans Lao,"wdth,wght@62.5,100",/quant/opsz_min,24
Noto Sans Lao,"wdth,wght@62.5,100",/quant/opsz_max,48
Noto Sans Lao,"wdth,wght@62.5,900",/quant/opsz_min,24
Noto Sans Lao,"wdth,wght@62.5,900",/quant/opsz_max,48
Noto Sans Lao Looped,"wdth,wght@100,100",/quant/opsz_min,24
Noto Sans Lao Looped,"wdth,wght@100,100",/quant/opsz_max,48
Noto Sans Lao Looped,"wdth,wght@100,900",/quant/opsz_min,24
Noto Sans Lao Looped,"wdth,wght@100,900",/quant/opsz_max,48
Noto Sans Lao Looped,"wdth,wght@62.5,100",/quant/opsz_min,24
Noto Sans Lao Looped,"wdth,wght@62.5,100",/quant/opsz_max,48
Noto Sans Lao Looped,"wdth,wght@62.5,900",/quant/opsz_min,24
Noto Sans Lao Looped,"wdth,wght@62.5,900",/quant/opsz_max,48
Noto Sans Lao UI,"wdth,wght@100,100",/quant/opsz_min,24
Noto Sans Lao UI,"wdth,wght@100,100",/quant/opsz_max,48
Noto Sans Lao UI,"wdth,wght@100,900",/quant/opsz_min,24
Noto Sans Lao UI,"wdth,wght@100,900",/quant/opsz_max,48
Noto Sans Lao UI,"wdth,wght@62.5,100",/quant/opsz_min,24
Noto Sans Lao UI,"wdth,wght@62.5,100",/quant/opsz_max,48
Noto Sans Lao UI,"wdth,wght@62.5,900",/quant/opsz_min,24
Noto Sans Lao UI,"wdth,wght@62.5,900",/quant/opsz_max,48
Noto Sans Malayalam,"wdth,wght@100,100",/quant/opsz_min,24
Noto Sans Malayalam,"wdth,wght@100,100",/quant/opsz_max,48
Noto Sans Malayalam,"wdth,wght@100,900",/quant/opsz_min,24
Noto Sans Malayalam,"wdth,wght@100,900",/quant/opsz_max,48
Noto Sans Malayalam,"wdth,wght@62.5,100",/quant/opsz_min,24
Noto Sans Malayalam,"wdth,wght@62.5,100",/quant/opsz_max,48
Noto Sans Malayalam,"wdth,wght@62.5,900",/quant/opsz_min,24
Noto Sans Malayalam,"wdth,wght@62.5,900",/quant/opsz_max,48
Noto Sans Malayalam UI,"wdth,wght@100,100",/quant/opsz_min,24
Noto Sans Malayalam UI,"wdth,wght@100,100",/quant/opsz_max,48
Noto Sans Malayalam UI,"wdth,wght@100,900",/quant/opsz_min,24
Noto Sans Malayalam UI,"wdth,wght@100,900",/quant/opsz_max,48
Noto Sans Malayalam UI,"wdth,wght@62.5,100",/quant/opsz_min,24
Noto Sans Malayalam UI,"wdth,wght@62.5,100",/quant/opsz_max,48
Noto Sans Malayalam UI,"wdth,wght@62.5,900",/quant/opsz_min,24
Noto Sans Malayalam UI,"wdth,wght@62.5,900",/quant/opsz_max,48
Noto Sans Meetei Mayek,wght@100,/quant/opsz_min,24
Noto Sans Meetei Mayek,wght@100,/quant/opsz_max,48
Noto Sans Meetei Mayek,wght@900,/quant/opsz_min,24
Noto Sans Meetei Mayek,wght@900,/quant/opsz_max,48
Noto Sans Mono,"wdth,wght@100,100",/quant/opsz_min,24
Noto Sans Mono,"wdth,wght@100,100",/quant/opsz_max,48
Noto Sans Mono,"wdth,wght@100,900",/quant/opsz_min,24
Noto Sans Mono,"wdth,wght@100,900",/quant/opsz_max,48
Noto Sans Mono,"wdth,wght@62.5,100",/quant/opsz_min,24
Noto Sans Mono,"wdth,wght@62.5,100",/quant/opsz_max,48
Noto Sans Mono,"wdth,wght@62.5,900",/quant/opsz_min,24
Noto Sans Mono,"wdth,wght@62.5,900",/quant/opsz_max,48
Noto Sans Myanmar,"wdth,wght@100,100",/quant/opsz_min,24
Noto Sans Myanmar,"wdth,wght@100,100",/quant/opsz_max,48
Noto Sans Myanmar,"wdth,wght@100,900",/quant/opsz_min,24
Noto Sans Myanmar,"wdth,wght@100,900",/quant/opsz_max,48
Noto Sans Myanmar,"wdth,wght@62.5,100",/quant/opsz_min,24
Noto Sans Myanmar,"wdth,wght@62.5,100",/quant/opsz_max,48
Noto Sans Myanmar,"wdth,wght@62.5,900",/quant/opsz_min,24
Noto Sans Myanmar,"wdth,wght@62.5,900",/quant/opsz_max,48
Noto Sans Oriya,"wdth,wght@100,100",/quant/opsz_min,24
Noto Sans Oriya,"wdth,wght@100,100",/quant/opsz_max,48
Noto Sans Oriya,"wdth,wght@100,900",/quant/opsz_min,24
Noto Sans Oriya,"wdth,wght@100,900",/quant/opsz_max,48
Noto Sans Oriya,"wdth,wght@62.5,100",/quant/opsz_min,24
Noto Sans Oriya,"wdth,wght@62.5,100",/quant/opsz_max,48
Noto Sans Oriya,"wdth,wght@62.5,900",/quant/opsz_min,24
Noto Sans Oriya,"wdth,wght@62.5,900",/quant/opsz_max,48
Noto Sans SC,wght@900,/quant/opsz_min,24
Noto Sans SC,wght@900,/quant/opsz_max,48
Noto Sans Sinhala,"wdth,wght@100,100",/quant/opsz_min,24
Noto Sans Sinhala,"wdth,wght@100,100",/quant/opsz_max,48
Noto Sans Sinhala,"wdth,wght@100,900",/quant/opsz_min,24
Noto Sans Sinhala,"wdth,wght@100,900",/quant/opsz_max,48
Noto Sans Sinhala,"wdth,wght@62.5,100",/quant/opsz_min,24
Noto Sans Sinhala,"wdth,wght@62.5,100",/quant/opsz_max,48
Noto Sans Sinhala,"wdth,wght@62.5,900",/quant/opsz_min,24
Noto Sans Sinhala,"wdth,wght@62.5,900",/quant/opsz_max,48
Noto Sans Sinhala UI,"wdth,wght@100,100",/quant/opsz_min,24
Noto Sans Sinhala UI,"wdth,wght@100,100",/quant/opsz_max,48
Noto Sans Sinhala UI,"wdth,wght@100,900",/quant/opsz_min,24
Noto Sans Sinhala UI,"wdth,wght@100,900",/quant/opsz_max,48
Noto Sans Sinhala UI,"wdth,wght@62.5,100",/quant/opsz_min,24
Noto Sans Sinhala UI,"wdth,wght@62.5,100",/quant/opsz_max,48
Noto Sans Sinhala UI,"wdth,wght@62.5,900",/quant/opsz_min,24
Noto Sans Sinhala UI,"wdth,wght@62.5,900",/quant/opsz_max,48
Noto Sans Symbols,wght@100,/quant/opsz_min,24
Noto Sans Symbols,wght@100,/quant/opsz_max,48
Noto Sans Symbols,wght@900,/quant/opsz_min,24
Noto Sans Symbols,wght@900,/quant/opsz_max,48
Noto Sans Syriac,wght@100,/quant/opsz_min,24
Noto Sans Syriac,wght@100,/quant/opsz_max,48
Noto Sans Syriac,wght@900,/quant/opsz_min,24
Noto Sans Syriac,wght@900,/quant/opsz_max,48
Noto Sans Syriac Eastern,wght@100,/quant/opsz_min,24
Noto Sans Syriac Eastern,wght@100,/quant/opsz_max,48
Noto Sans Syriac Eastern,wght@900,/quant/opsz_min,24
Noto Sans Syriac Eastern,wght@900,/quant/opsz_max,48
Noto Sans Syriac Western,wght@100,/quant/opsz_min,24
Noto Sans Syriac Western,wght@100,/quant/opsz_max,48
Noto Sans Syriac Western,wght@900,/quant/opsz_min,24
Noto Sans Syriac Western,wght@900,/quant/opsz_max,48
Noto Sans Tamil,"wdth,wght@100,100",/quant/opsz_min,24
Noto Sans Tamil,"wdth,wght@100,100",/quant/opsz_max,48
Noto Sans Tamil,"wdth,wght@100,900",/quant/opsz_min,24
Noto Sans Tamil,"wdth,wght@100,900",/quant/opsz_max,48
Noto Sans Tamil,"wdth,wght@62.5,100",/quant/opsz_min,24
Noto Sans Tamil,"wdth,wght@62.5,100",/quant/opsz_max,48
Noto Sans Tamil,"wdth,wght@62.5,900",/quant/opsz_min,24
Noto Sans Tamil,"wdth,wght@62.5,900",/quant/opsz_max,48
Noto Sans Tamil UI,"wdth,wght@100,100",/quant/opsz_min,24
Noto Sans Tamil UI,"wdth,wght@100,100",/quant/opsz_max,48
Noto Sans Tamil UI,"wdth,wght@100,900",/quant/opsz_min,24
Noto Sans Tamil UI,"wdth,wght@100,900",/quant/opsz_max,48
Noto Sans Tamil UI,"wdth,wght@62.5,100",/quant/opsz_min,24
Noto Sans Tamil UI,"wdth,wght@62.5,100",/quant/opsz_max,48
Noto Sans Tamil UI,"wdth,wght@62.5,900",/quant/opsz_min,24
Noto Sans Tamil UI,"wdth,wght@62.5,900",/quant/opsz_max,48
Noto Sans TC,wght@900,/quant/opsz_min,24
Noto Sans TC,wght@900,/quant/opsz_max,48
Noto Sans Telugu,"wdth,wght@100,100",/quant/opsz_min,24
Noto Sans Telugu,"wdth,wght@100,100",/quant/opsz_max,48
Noto Sans Telugu,"wdth,wght@100,900",/quant/opsz_min,24
Noto Sans Telugu,"wdth,wght@100,900",/quant/opsz_max,48
Noto Sans Telugu,"wdth,wght@62.5,100",/quant/opsz_min,24
Noto Sans Telugu,"wdth,wght@62.5,100",/quant/opsz_max,48
Noto Sans Telugu,"wdth,wght@62.5,900",/quant/opsz_min,24
Noto Sans Telugu,"wdth,wght@62.5,900",/quant/opsz_max,48
Noto Sans Telugu UI,"wdth,wght@100,100",/quant/opsz_min,24
Noto Sans Telugu UI,"wdth,wght@100,100",/quant/opsz_max,48
Noto Sans Telugu UI,"wdth,wght@100,900",/quant/opsz_min,24
Noto Sans Telugu UI,"wdth,wght@100,900",/quant/opsz_max,48
Noto Sans Telugu UI,"wdth,wght@62.5,100",/quant/opsz_min,24
Noto Sans Telugu UI,"wdth,wght@62.5,100",/quant/opsz_max,48
Noto Sans Telugu UI,"wdth,wght@62.5,900",/quant/opsz_min,24
Noto Sans Telugu UI,"wdth,wght@62.5,900",/quant/opsz_max,48
Noto Sans Thaana,wght@100,/quant/opsz_min,24
Noto Sans Thaana,wght@100,/quant/opsz_max,48
Noto Sans Thaana,wght@900,/quant/opsz_min,24
Noto Sans Thaana,wght@900,/quant/opsz_max,48
Noto Sans Thai,"wdth,wght@100,100",/quant/opsz_min,24
Noto Sans Thai,"wdth,wght@100,100",/quant/opsz_max,48
Noto Sans Thai,"wdth,wght@100,900",/quant/opsz_min,24
Noto Sans Thai,"wdth,wght@100,900",/quant/opsz_max,48
Noto Sans Thai,"wdth,wght@62.5,100",/quant/opsz_min,24
Noto Sans Thai,"wdth,wght@62.5,100",/quant/opsz_max,48
Noto Sans Thai,"wdth,wght@62.5,900",/quant/opsz_min,24
Noto Sans Thai,"wdth,wght@62.5,900",/quant/opsz_max,48
Noto Sans Thai Looped,"wdth,wght@100,100",/quant/opsz_min,24
Noto Sans Thai Looped,"wdth,wght@100,100",/quant/opsz_max,48
Noto Sans Thai Looped,"wdth,wght@100,900",/quant/opsz_min,24
Noto Sans Thai Looped,"wdth,wght@100,900",/quant/opsz_max,48
Noto Sans Thai Looped,"wdth,wght@62.5,100",/quant/opsz_min,24
Noto Sans Thai Looped,"wdth,wght@62.5,100",/quant/opsz_max,48
Noto Sans Thai Looped,"wdth,wght@62.5,900",/quant/opsz_min,24
Noto Sans Thai Looped,"wdth,wght@62.5,900",/quant/opsz_max,48
Noto Sans Thai UI,"wdth,wght@100,100",/quant/opsz_min,24
Noto Sans Thai UI,"wdth,wght@100,100",/quant/opsz_max,48
Noto Sans Thai UI,"wdth,wght@100,900",/quant/opsz_min,24
Noto Sans Thai UI,"wdth,wght@100,900",/quant/opsz_max,48
Noto Sans Thai UI,"wdth,wght@62.5,100",/quant/opsz_min,24
Noto Sans Thai UI,"wdth,wght@62.5,100",/quant/opsz_max,48
Noto Sans Thai UI,"wdth,wght@62.5,900",/quant/opsz_min,24
Noto Sans Thai UI,"wdth,wght@62.5,900",/quant/opsz_max,48
Noto Serif,"wdth,wght@100,100",/quant/opsz_min,24
Noto Serif,"wdth,wght@100,100",/quant/opsz_max,48
Noto Serif,"wdth,wght@100,900",/quant/opsz_min,24
Noto Serif,"wdth,wght@100,900",/quant/opsz_max,48
Noto Serif,"wdth,wght@62.5,100",/quant/opsz_min,24
Noto Serif,"wdth,wght@62.5,100",/quant/opsz_max,48
Noto Serif,"wdth,wght@62.5,900",/quant/opsz_min,24
Noto Serif,"wdth,wght@62.5,900",/quant/opsz_max,48
Noto Serif Armenian,"wdth,wght@100,100",/quant/opsz_min,24
Noto Serif Armenian,"wdth,wght@100,100",/quant/opsz_max,48
Noto Serif Armenian,"wdth,wght@100,900",/quant/opsz_min,24
Noto Serif Armenian,"wdth,wght@100,900",/quant/opsz_max,48
Noto Serif Armenian,"wdth,wght@62.5,100",/quant/opsz_min,24
Noto Serif Armenian,"wdth,wght@62.5,100",/quant/opsz_max,48
Noto Serif Armenian,"wdth,wght@62.5,900",/quant/opsz_min,24
Noto Serif Armenian,"wdth,wght@62.5,900",/quant/opsz_max,48
Noto Serif Bengali,"wdth,wght@100,100",/quant/opsz_min,24
Noto Serif Bengali,"wdth,wght@100,100",/quant/opsz_max,48
Noto Serif Bengali,"wdth,wght@100,900",/quant/opsz_min,24
Noto Serif Bengali,"wdth,wght@100,900",/quant/opsz_max,48
Noto Serif Bengali,"wdth,wght@62.5,100",/quant/opsz_min,24
Noto Serif Bengali,"wdth,wght@62.5,100",/quant/opsz_max,48
Noto Serif Bengali,"wdth,wght@62.5,900",/quant/opsz_min,24
Noto Serif Bengali,"wdth,wght@62.5,900",/quant/opsz_max,48
Noto Serif Devanagari,"wdth,wght@100,100",/quant/opsz_min,24
Noto Serif Devanagari,"wdth,wght@100,100",/quant/opsz_max,48
Noto Serif Devanagari,"wdth,wght@100,900",/quant/opsz_min,24
Noto Serif Devanagari,"wdth,wght@100,900",/quant/opsz_max,48
Noto Serif Devanagari,"wdth,wght@62.5,100",/quant/opsz_min,24
Noto Serif Devanagari,"wdth,wght@62.5,100",/quant/opsz_max,48
Noto Serif Devanagari,"wdth,wght@62.5,900",/quant/opsz_min,24
Noto Serif Devanagari,"wdth,wght@62.5,900",/quant/opsz_max,48
Noto Serif Display,"wdth,wght@100,100",/quant/opsz_min,24
Noto Serif Display,"wdth,wght@100,100",/quant/opsz_max,48
Noto Serif Display,"wdth,wght@100,900",/quant/opsz_min,24
Noto Serif Display,"wdth,wght@100,900",/quant/opsz_max,48
Noto Serif Display,"wdth,wght@62.5,100",/quant/opsz_min,24
Noto Serif Display,"wdth,wght@62.5,100",/quant/opsz_max,48
Noto Serif Display,"wdth,wght@62.5,900",/quant/opsz_min,24
Noto Serif Display,"wdth,wght@62.5,900",/quant/opsz_max,48
Noto Serif Ethiopic,"wdth,wght@100,100",/quant/opsz_min,24
Noto Serif Ethiopic,"wdth,wght@100,100",/quant/opsz_max,48
Noto Serif Ethiopic,"wdth,wght@100,900",/quant/opsz_min,24
Noto Serif Ethiopic,"wdth,wght@100,900",/quant/opsz_max,48
Noto Serif Ethiopic,"wdth,wght@62.5,100",/quant/opsz_min,24
Noto Serif Ethiopic,"wdth,wght@62.5,100",/quant/opsz_max,48
Noto Serif Ethiopic,"wdth,wght@62.5,900",/quant/opsz_min,24
Noto Serif Ethiopic,"wdth,wght@62.5,900",/quant/opsz_max,48
Noto Serif Georgian,"wdth,wght@100,100",/quant/opsz_min,24
Noto Serif Georgian,"wdth,wght@100,100",/quant/opsz_max,48
Noto Serif Georgian,"wdth,wght@100,900",/quant/opsz_min,24
Noto Serif Georgian,"wdth,wght@100,900",/quant/opsz_max,48
Noto Serif Georgian,"wdth,wght@62.5,100",/quant/opsz_min,24
Noto Serif Georgian,"wdth,wght@62.5,100",/quant/opsz_max,48
Noto Serif Georgian,"wdth,wght@62.5,900",/quant/opsz_min,24
Noto Serif Georgian,"wdth,wght@62.5,900",/quant/opsz_max,48
Noto Serif Gujarati,wght@100,/quant/opsz_min,24
Noto Serif Gujarati,wght@100,/quant/opsz_max,48
Noto Serif Gujarati,wght@900,/quant/opsz_min,24
Noto Serif Gujarati,wght@900,/quant/opsz_max,48
Noto Serif Gurmukhi,wght@100,/quant/opsz_min,24
Noto Serif Gurmukhi,wght@100,/quant/opsz_max,48
Noto Serif Gurmukhi,wght@900,/quant/opsz_min,24
Noto Serif Gurmukhi,wght@900,/quant/opsz_max,48
Noto Serif Hebrew,"wdth,wght@100,100",/quant/opsz_min,24
Noto Serif Hebrew,"wdth,wght@100,100",/quant/opsz_max,48
Noto Serif Hebrew,"wdth,wght@100,900",/quant/opsz_min,24
Noto Serif Hebrew,"wdth,wght@100,900",/quant/opsz_max,48
Noto Serif Hebrew,"wdth,wght@62.5,100",/quant/opsz_min,24
Noto Serif Hebrew,"wdth,wght@62.5,100",/quant/opsz_max,48
Noto Serif Hebrew,"wdth,wght@62.5,900",/quant/opsz_min,24
Noto Serif Hebrew,"wdth,wght@62.5,900",/quant/opsz_max,48
Noto Serif Hentaigana,wght@900,/quant/opsz_min,24
Noto Serif Hentaigana,wght@900,/quant/opsz_max,48
Noto Serif HK,wght@900,/quant/opsz_min,24
Noto Serif HK,wght@900,/quant/opsz_max,48
Noto Serif JP,wght@900,/quant/opsz_min,24
Noto Serif JP,wght@900,/quant/opsz_max,48
Noto Serif Kannada,wght@100,/quant/opsz_min,24
Noto Serif Kannada,wght@100,/quant/opsz_max,48
Noto Serif Kannada,wght@900,/quant/opsz_min,24
Noto Serif Kannada,wght@900,/quant/opsz_max,48
Noto Serif Khmer,"wdth,wght@100,100",/quant/opsz_min,24
Noto Serif Khmer,"wdth,wght@100,100",/quant/opsz_max,48
Noto Serif Khmer,"wdth,wght@100,900",/quant/opsz_min,24
Noto Serif Khmer,"wdth,wght@100,900",/quant/opsz_max,48
Noto Serif Khmer,"wdth,wght@62.5,100",/quant/opsz_min,24
Noto Serif Khmer,"wdth,wght@62.5,100",/quant/opsz_max,48
Noto Serif Khmer,"wdth,wght@62.5,900",/quant/opsz_min,24
Noto Serif Khmer,"wdth,wght@62.5,900",/quant/opsz_max,48
Noto Serif KR,wght@900,/quant/opsz_min,24
Noto Serif KR,wght@900,/quant/opsz_max,48
Noto Serif Lao,"wdth,wght@100,100",/quant/opsz_min,24
Noto Serif Lao,"wdth,wght@100,100",/quant/opsz_max,48
Noto Serif Lao,"wdth,wght@100,900",/quant/opsz_min,24
Noto Serif Lao,"wdth,wght@100,900",/quant/opsz_max,48
Noto Serif Lao,"wdth,wght@62.5,100",/quant/opsz_min,24
Noto Serif Lao,"wdth,wght@62.5,100",/quant/opsz_max,48
Noto Serif Lao,"wdth,wght@62.5,900",/quant/opsz_min,24
Noto Serif Lao,"wdth,wght@62.5,900",/quant/opsz_max,48
Noto Serif Malayalam,wght@100,/quant/opsz_min,24
Noto Serif Malayalam,wght@100,/quant/opsz_max,48
Noto Serif Malayalam,wght@900,/quant/opsz_min,24
Noto Serif Malayalam,wght@900,/quant/opsz_max,48
Noto Serif SC,wght@900,/quant/opsz_min,24
Noto Serif SC,wght@900,/quant/opsz_max,48
Noto Serif Sinhala,"wdth,wght@100,100",/quant/opsz_min,24
Noto Serif Sinhala,"wdth,wght@100,100",/quant/opsz_max,48
Noto Serif Sinhala,"wdth,wght@100,900",/quant/opsz_min,24
Noto Serif Sinhala,"wdth,wght@100,900",/quant/opsz_max,48
Noto Serif Sinhala,"wdth,wght@62.5,100",/quant/opsz_min,24
Noto Serif Sinhala,"wdth,wght@62.5,100",/quant/opsz_max,48
Noto Serif Sinhala,"wdth,wght@62.5,900",/quant/opsz_min,24
Noto Serif Sinhala,"wdth,wght@62.5,900",/quant/opsz_max,48
Noto Serif Tamil,"wdth,wght@100,100",/quant/opsz_min,24
Noto Serif Tamil,"wdth,wght@100,100",/quant/opsz_max,48
Noto Serif Tamil,"wdth,wght@100,900",/quant/opsz_min,24
Noto Serif Tamil,"wdth,wght@100,900",/quant/opsz_max,48
Noto Serif Tamil,"wdth,wght@62.5,100",/quant/opsz_min,24
Noto Serif Tamil,"wdth,wght@62.5,100",/quant/opsz_max,48
Noto Serif Tamil,"wdth,wght@62.5,900",/quant/opsz_min,24
Noto Serif Tamil,"wdth,wght@62.5,900",/quant/opsz_max,48
Noto Serif TC,wght@900,/quant/opsz_min,24
Noto Serif TC,wght@900,/quant/opsz_max,48
Noto Serif Telugu,wght@100,/quant/opsz_min,24
Noto Serif Telugu,wght@100,/quant/opsz_max,48
Noto Serif Telugu,wght@900,/quant/opsz_min,24
Noto Serif Telugu,wght@900,/quant/opsz_max,48
Noto Serif Thai,"wdth,wght@100,100",/quant/opsz_min,24
Noto Serif Thai,"wdth,wght@100,100",/quant/opsz_max,48
Noto Serif Thai,"wdth,wght@100,900",/quant/opsz_min,24
Noto Serif Thai,"wdth,wght@100,900",/quant/opsz_max,48
Noto Serif Thai,"wdth,wght@62.5,100",/quant/opsz_min,24
Noto Serif Thai,"wdth,wght@62.5,100",/quant/opsz_max,48
Noto Serif Thai,"wdth,wght@62.5,900",/quant/opsz_min,24
Noto Serif Thai,"wdth,wght@62.5,900",/quant/opsz_max,48
Noto Serif Tibetan,wght@100,/quant/opsz_min,24
Noto Serif Tibetan,wght@100,/quant/opsz_max,48
Noto Serif Tibetan,wght@900,/quant/opsz_min,24
Noto Serif Tibetan,wght@900,/quant/opsz_max,48
Nunito,wght@1000,/quant/opsz_min,24
Nunito,wght@1000,/quant/opsz_max,48
Oi,,/quant/opsz_min,48
Oi,,/quant/opsz_max,300
Onest,wght@100,/quant/opsz_min,24
Onest,wght@100,/quant/opsz_max,48
Onest,wght@900,/quant/opsz_min,24
Onest,wght@900,/quant/opsz_max,48
Open Sans,"wdth,wght@100,300",/quant/opsz_min,5
Open Sans,"wdth,wght@100,300",/quant/opsz_max,24
Open Sans,"wdth,wght@100,800",/quant/opsz_min,5
Open Sans,"wdth,wght@100,800",/quant/opsz_max,24
Open Sans,"wdth,wght@75,300",/quant/opsz_min,5
Open Sans,"wdth,wght@75,300",/quant/opsz_max,24
Open Sans,"wdth,wght@75,400",/quant/opsz_min,5
Open Sans,"wdth,wght@75,400",/quant/opsz_max,24
Open Sans,"wdth,wght@75,800",/quant/opsz_min,5
Open Sans,"wdth,wght@75,800",/quant/opsz_max,24
Orbitron,wght@900,/quant/opsz_min,24
Orbitron,wght@900,/quant/opsz_max,48
Oswald,wght@200,/quant/opsz_min,24
Oswald,wght@200,/quant/opsz_max,48
Oswald,wght@700,/quant/opsz_min,5
Oswald,wght@700,/quant/opsz_max,24
Outfit,wght@900,/quant/opsz_min,24
Outfit,wght@900,/quant/opsz_max,48
Overpass,wght@100,/quant/opsz_min,24
Overpass,wght@100,/quant/opsz_max,48
Overpass,wght@900,/quant/opsz_min,24
Overpass,wght@900,/quant/opsz_max,48
Pacifico,,/quant/opsz_min,24
Pacifico,,/quant/opsz_max,48
Petrona,wght@100,/quant/opsz_min,24
Petrona,wght@100,/quant/opsz_max,48
Petrona,wght@900,/quant/opsz_min,24
Petrona,wght@900,/quant/opsz_max,48
Phudu,wght@900,/quant/opsz_min,24
Phudu,wght@900,/quant/opsz_max,48
Playfair Display,wght@900,/quant/opsz_min,24
Playfair Display,wght@900,/quant/opsz_max,48
Playpen Sans,wght@100,/quant/opsz_min,24
Playpen Sans,wght@100,/quant/opsz_max,48
Playpen Sans Arabic,wght@100,/quant/opsz_min,24
Playpen Sans Arabic,wght@100,/quant/opsz_max,48
Playpen Sans Deva,wght@100,/quant/opsz_min,24
Playpen Sans Deva,wght@100,/quant/opsz_max,48
Playpen Sans Hebrew,wght@100,/quant/opsz_min,24
Playpen Sans Hebrew,wght@100,/quant/opsz_max,48
Playpen Sans Thai,wght@100,/quant/opsz_min,24
Playpen Sans Thai,wght@100,/quant/opsz_max,48
Playwrite AR,wght@100,/quant/opsz_min,24
Playwrite AR,wght@100,/quant/opsz_max,48
Playwrite AT,wght@100,/quant/opsz_min,24
Playwrite AT,wght@100,/quant/opsz_max,48
Playwrite AU NSW,wght@100,/quant/opsz_min,24
Playwrite AU NSW,wght@100,/quant/opsz_max,48
Playwrite AU QLD,wght@100,/quant/opsz_min,24
Playwrite AU QLD,wght@100,/quant/opsz_max,48
Playwrite AU SA,wght@100,/quant/opsz_min,24
Playwrite AU SA,wght@100,/quant/opsz_max,48
Playwrite AU TAS,wght@100,/quant/opsz_min,24
Playwrite AU TAS,wght@100,/quant/opsz_max,48
Playwrite AU VIC,wght@100,/quant/opsz_min,24
Playwrite AU VIC,wght@100,/quant/opsz_max,48
Playwrite BE VLG,wght@100,/quant/opsz_min,24
Playwrite BE VLG,wght@100,/quant/opsz_max,48
Playwrite BE WAL,wght@100,/quant/opsz_min,24
Playwrite BE WAL,wght@100,/quant/opsz_max,48
Playwrite BR,wght@100,/quant/opsz_min,24
Playwrite BR,wght@100,/quant/opsz_max,48
Playwrite CA,wght@100,/quant/opsz_min,24
Playwrite CA,wght@100,/quant/opsz_max,48
Playwrite CL,wght@100,/quant/opsz_min,24
Playwrite CL,wght@100,/quant/opsz_max,48
Playwrite CO,wght@100,/quant/opsz_min,24
Playwrite CO,wght@100,/quant/opsz_max,48
Playwrite CU,wght@100,/quant/opsz_min,24
Playwrite CU,wght@100,/quant/opsz_max,48
Playwrite CZ,wght@100,/quant/opsz_min,24
Playwrite CZ,wght@100,/quant/opsz_max,48
Playwrite DE Grund,wght@100,/quant/opsz_min,24
Playwrite DE Grund,wght@100,/quant/opsz_max,48
Playwrite DE LA,wght@100,/quant/opsz_min,24
Playwrite DE LA,wght@100,/quant/opsz_max,48
Playwrite DE SAS,wght@100,/quant/opsz_min,24
Playwrite DE SAS,wght@100,/quant/opsz_max,48
Playwrite DE VA,wght@100,/quant/opsz_min,24
Playwrite DE VA,wght@100,/quant/opsz_max,48
Playwrite DK Loopet,wght@100,/quant/opsz_min,24
Playwrite DK Loopet,wght@100,/quant/opsz_max,48
Playwrite DK Uloopet,wght@100,/quant/opsz_min,24
Playwrite DK Uloopet,wght@100,/quant/opsz_max,48
Playwrite ES,wght@100,/quant/opsz_min,24
Playwrite ES,wght@100,/quant/opsz_max,48
Playwrite ES Deco,wght@100,/quant/opsz_min,24
Playwrite ES Deco,wght@100,/quant/opsz_max,48
Playwrite FR Moderne,wght@100,/quant/opsz_min,24
Playwrite FR Moderne,wght@100,/quant/opsz_max,48
Playwrite FR Trad,wght@100,/quant/opsz_min,24
Playwrite FR Trad,wght@100,/quant/opsz_max,48
Playwrite GB J,wght@100,/quant/opsz_min,24
Playwrite GB J,wght@100,/quant/opsz_max,48
Playwrite GB S,wght@100,/quant/opsz_min,24
Playwrite GB S,wght@100,/quant/opsz_max,48
Playwrite HR,wght@100,/quant/opsz_min,24
Playwrite HR,wght@100,/quant/opsz_max,48
Playwrite HR Lijeva,wght@100,/quant/opsz_min,24
Playwrite HR Lijeva,wght@100,/quant/opsz_max,48
Playwrite HU,wght@100,/quant/opsz_min,24
Playwrite HU,wght@100,/quant/opsz_max,48
Playwrite ID,wght@100,/quant/opsz_min,24
Playwrite ID,wght@100,/quant/opsz_max,48
Playwrite IE,wght@100,/quant/opsz_min,24
Playwrite IE,wght@100,/quant/opsz_max,48
Playwrite IN,wght@100,/quant/opsz_min,24
Playwrite IN,wght@100,/quant/opsz_max,48
Playwrite IS,wght@100,/quant/opsz_min,24
Playwrite IS,wght@100,/quant/opsz_max,48
Playwrite IT Moderna,wght@100,/quant/opsz_min,24
Playwrite IT Moderna,wght@100,/quant/opsz_max,48
Playwrite IT Trad,wght@100,/quant/opsz_min,24
Playwrite IT Trad,wght@100,/quant/opsz_max,48
Playwrite MX,wght@100,/quant/opsz_min,24
Playwrite MX,wght@100,/quant/opsz_max,48
Playwrite NG Modern,wght@100,/quant/opsz_min,24
Playwrite NG Modern,wght@100,/quant/opsz_max,48
Playwrite NL,wght@100,/quant/opsz_min,24
Playwrite NL,wght@100,/quant/opsz_max,48
Playwrite NO,wght@100,/quant/opsz_min,24
Playwrite NO,wght@100,/quant/opsz_max,48
Playwrite NZ,wght@100,/quant/opsz_min,24
Playwrite NZ,wght@100,/quant/opsz_max,48
Playwrite NZ Basic,wght@100,/quant/opsz_min,24
Playwrite NZ Basic,wght@100,/quant/opsz_max,48
Playwrite PE,wght@100,/quant/opsz_min,24
Playwrite PE,wght@100,/quant/opsz_max,48
Playwrite PL,wght@100,/quant/opsz_min,24
Playwrite PL,wght@100,/quant/opsz_max,48
Playwrite PT,wght@100,/quant/opsz_min,24
Playwrite PT,wght@100,/quant/opsz_max,48
Playwrite RO,wght@100,/quant/opsz_min,24
Playwrite RO,wght@100,/quant/opsz_max,48
Playwrite SK,wght@100,/quant/opsz_min,24
Playwrite SK,wght@100,/quant/opsz_max,48
Playwrite TZ,wght@100,/quant/opsz_min,24
Playwrite TZ,wght@100,/quant/opsz_max,48
Playwrite US Modern,wght@100,/quant/opsz_min,24
Playwrite US Modern,wght@100,/quant/opsz_max,48
Playwrite US Trad,wght@100,/quant/opsz_min,24
Playwrite US Trad,wght@100,/quant/opsz_max,48
Playwrite VN,wght@100,/quant/opsz_min,24
Playwrite VN,wght@100,/quant/opsz_max,48
Playwrite ZA,wght@100,/quant/opsz_min,24
Playwrite ZA,wght@100,/quant/opsz_max,48
Pliant,"wdth,wght@100,900",/quant/opsz_min,24
Pliant,"wdth,wght@100,900",/quant/opsz_max,48
Pliant,"wdth,wght@125,100",/quant/opsz_min,24
Pliant,"wdth,wght@125,100",/quant/opsz_max,48
Pliant,"wdth,wght@125,900",/quant/opsz_min,24
Pliant,"wdth,wght@125,900",/quant/opsz_max,48
Plus Jakarta Sans,wght@200,/quant/opsz_min,24
Plus Jakarta Sans,wght@200,/quant/opsz_max,48
Plus Jakarta Sans,wght@800,/quant/opsz_min,5
Plus Jakarta Sans,wght@800,/quant/opsz_max,24
Poiret One,,/quant/opsz_min,24
Poiret One,,/quant/opsz_max,48
Press Start 2P,,/quant/opsz_min,48
Press Start 2P,,/quant/opsz_max,300
PT Sans Caption,,/quant/opsz_min,5
PT Sans Caption,,/quant/opsz_max,24
PT Serif,,/quant/opsz_min,5
PT Serif,,/quant/opsz_max,24
PT Serif Caption,,/quant/opsz_min,5
PT Serif Caption,,/quant/opsz_max,24
Public Sans,wght@900,/quant/opsz_min,24
Public Sans,wght@900,/quant/opsz_max,48
Quantico,,/quant/opsz_min,5
Quantico,,/quant/opsz_max,24
Quicksand,wght@700,/quant/opsz_min,5
Quicksand,wght@700,/quant/opsz_max,24
Raleway,wght@900,/quant/opsz_min,24
Raleway,wght@900,/quant/opsz_max,48
Readex Pro,"HEXP,wght@0,160",/quant/opsz_min,24
Readex Pro,"HEXP,wght@0,160",/quant/opsz_max,48
Readex Pro,"HEXP,wght@100,160",/quant/opsz_min,24
Readex Pro,"HEXP,wght@100,160",/quant/opsz_max,48
Red Hat Display,wght@900,/quant/opsz_min,24
Red Hat Display,wght@900,/quant/opsz_max,48
Red Hat Text,wght@300,/quant/opsz_min,5
Red Hat Text,wght@300,/quant/opsz_max,24
Red Hat Text,wght@700,/quant/opsz_min,5
Red Hat Text,wght@700,/quant/opsz_max,24
Reddit Mono,wght@200,/quant/opsz_min,24
Reddit Mono,wght@200,/quant/opsz_max,48
Reddit Mono,wght@900,/quant/opsz_min,24
Reddit Mono,wght@900,/quant/opsz_max,48
Reddit Sans,wght@200,/quant/opsz_min,24
Reddit Sans,wght@200,/quant/opsz_max,48
Reddit Sans,wght@900,/quant/opsz_min,24
Reddit Sans,wght@900,/quant/opsz_max,48
Reddit Sans Condensed,wght@200,/quant/opsz_min,24
Reddit Sans Condensed,wght@200,/quant/opsz_max,48
Reddit Sans Condensed,wght@900,/quant/opsz_min,24
Reddit Sans Condensed,wght@900,/quant/opsz_max,48
REM,wght@100,/quant/opsz_min,24
REM,wght@100,/quant/opsz_max,48
REM,wght@900,/quant/opsz_min,24
REM,wght@900,/quant/opsz_max,48
Righteous,,/quant/opsz_min,5
Righteous,,/quant/opsz_max,24
Roboto,"wdth,wght@100,100",/quant/opsz_min,24
Roboto,"wdth,wght@100,100",/quant/opsz_max,48
Roboto,"wdth,wght@100,900",/quant/opsz_min,24
Roboto,"wdth,wght@100,900",/quant/opsz_max,48
Roboto,"wdth,wght@75,100",/quant/opsz_min,24
Roboto,"wdth,wght@75,100",/quant/opsz_max,48
Roboto,"wdth,wght@75,400",/quant/opsz_min,5
Roboto,"wdth,wght@75,400",/quant/opsz_max,24
Roboto,"wdth,wght@75,900",/quant/opsz_min,24
Roboto,"wdth,wght@75,900",/quant/opsz_max,48
Roboto Condensed,wght@100,/quant/opsz_min,24
Roboto Condensed,wght@100,/quant/opsz_max,48
Roboto Condensed,wght@900,/quant/opsz_min,24
Roboto Condensed,wght@900,/quant/opsz_max,48
Roboto Mono,wght@100,/quant/opsz_min,24
Roboto Mono,wght@100,/quant/opsz_max,48
Rokkitt,wght@100,/quant/opsz_min,24
Rokkitt,wght@100,/quant/opsz_max,48
Rokkitt,wght@900,/quant/opsz_min,24
Rokkitt,wght@900,/quant/opsz_max,48
Rubik,wght@900,/quant/opsz_min,24
Rubik,wght@900,/quant/opsz_max,48
Rubik Beastly,,/quant/opsz_min,48
Rubik Beastly,,/quant/opsz_max,300
Rubik Microbe,,/quant/opsz_min,24
Rubik Microbe,,/quant/opsz_max,48
Rubik Mono One,,/quant/opsz_min,24
Rubik Mono One,,/quant/opsz_max,48
Ruda,wght@900,/quant/opsz_min,24
Ruda,wght@900,/quant/opsz_max,48
Russo One,,/quant/opsz_min,24
Russo One,,/quant/opsz_max,48
Sacramento,,/quant/opsz_min,48
Sacramento,,/quant/opsz_max,300
Saira,"wdth,wght@100,900",/quant/opsz_min,24
Saira,"wdth,wght@100,900",/quant/opsz_max,48
Saira,"wdth,wght@125,100",/quant/opsz_min,24
Saira,"wdth,wght@125,100",/quant/opsz_max,48
Saira,"wdth,wght@125,900",/quant/opsz_min,24
Saira,"wdth,wght@125,900",/quant/opsz_max,48
Saira,"wdth,wght@50,100",/quant/opsz_min,24
Saira,"wdth,wght@50,100",/quant/opsz_max,48
Saira,"wdth,wght@50,900",/quant/opsz_min,24
Saira,"wdth,wght@50,900",/quant/opsz_max,48
Saira Stencil,"wdth,wght@100,900",/quant/opsz_min,24
Saira Stencil,"wdth,wght@100,900",/quant/opsz_max,48
Saira Stencil,"wdth,wght@125,100",/quant/opsz_min,24
Saira Stencil,"wdth,wght@125,100",/quant/opsz_max,48
Saira Stencil,"wdth,wght@125,900",/quant/opsz_min,24
Saira Stencil,"wdth,wght@125,900",/quant/opsz_max,48
Saira Stencil,"wdth,wght@50,100",/quant/opsz_min,24
Saira Stencil,"wdth,wght@50,100",/quant/opsz_max,48
Saira Stencil,"wdth,wght@50,900",/quant/opsz_min,24
Saira Stencil,"wdth,wght@50,900",/quant/opsz_max,48
Sankofa Display,,/quant/opsz_min,48
Sankofa Display,,/quant/opsz_max,300
Sansita Swashed,wght@900,/quant/opsz_min,24
Sansita Swashed,wght@900,/quant/opsz_max,48
Savate,wght@900,/quant/opsz_min,24
Savate,wght@900,/quant/opsz_max,48
Schibsted Grotesk,wght@900,/quant/opsz_min,24
Schibsted Grotesk,wght@900,/quant/opsz_max,48
Sedgwick Ave Display,,/quant/opsz_min,24
Sedgwick Ave Display,,/quant/opsz_max,48
Shrikhand,,/quant/opsz_min,48
Shrikhand,,/quant/opsz_max,300
Sirin Stencil,,/quant/opsz_min,48
Sirin Stencil,,/quant/opsz_max,300
Slabo 13px,,/quant/opsz_min,5
Slabo 13px,,/quant/opsz_max,24
Slabo 27px,,/quant/opsz_min,5
Slabo 27px,,/quant/opsz_max,24
Smooch Sans,wght@900,/quant/opsz_min,24
Smooch Sans,wght@900,/quant/opsz_max,48
SN Pro,wght@900,/quant/opsz_min,24
SN Pro,wght@900,/quant/opsz_max,48
Sofia Sans,wght@1,/quant/opsz_min,24
Sofia Sans,wght@1,/quant/opsz_max,48
Sofia Sans,wght@1000,/quant/opsz_min,24
Sofia Sans,wght@1000,/quant/opsz_max,48
Sofia Sans Condensed,wght@1,/quant/opsz_min,24
Sofia Sans Condensed,wght@1,/quant/opsz_max,48
Sofia Sans Condensed,wght@1000,/quant/opsz_min,24
Sofia Sans Condensed,wght@1000,/quant/opsz_max,48
Sofia Sans Extra Condensed,wght@1,/quant/opsz_min,24
Sofia Sans Extra Condensed,wght@1,/quant/opsz_max,48
Sofia Sans Extra Condensed,wght@1000,/quant/opsz_min,24
Sofia Sans Extra Condensed,wght@1000,/quant/opsz_max,48
Sofia Sans Semi Condensed,wght@1,/quant/opsz_min,24
Sofia Sans Semi Condensed,wght@1,/quant/opsz_max,48
Sofia Sans Semi Condensed,wght@1000,/quant/opsz_min,24
Sofia Sans Semi Condensed,wght@1000,/quant/opsz_max,48
Sono,"MONO,wght@0,200",/quant/opsz_min,24
Sono,"MONO,wght@0,200",/quant/opsz_max,48
Sora,wght@100,/quant/opsz_min,24
Sora,wght@100,/quant/opsz_max,48
Sora,wght@800,/quant/opsz_min,5
Sora,wght@800,/quant/opsz_max,24
Sour Gummy,"wdth,wght@100,100",/quant/opsz_min,24
Sour Gummy,"wdth,wght@100,100",/quant/opsz_max,48
Sour Gummy,"wdth,wght@125,100",/quant/opsz_min,24
Sour Gummy,"wdth,wght@125,100",/quant/opsz_max,48
Sour Gummy,"wdth,wght@125,900",/quant/opsz_min,24
Sour Gummy,"wdth,wght@125,900",/quant/opsz_max,48
Source Code Pro,wght@900,/quant/opsz_min,24
Source Code Pro,wght@900,/quant/opsz_max,48
Source Sans 3,wght@900,/quant/opsz_min,24
Source Sans 3,wght@900,/quant/opsz_max,48
Space Grotesk,wght@700,/quant/opsz_min,5
Space Grotesk,wght@700,/quant/opsz_max,24
Strichpunkt Sans,"wdth,wght@100,900",/quant/opsz_min,24
Strichpunkt Sans,"wdth,wght@100,900",/quant/opsz_max,48
Strichpunkt Sans,"wdth,wght@200,900",/quant/opsz_min,24
Strichpunkt Sans,"wdth,wght@200,900",/quant/opsz_max,48
SUSE,wght@900,/quant/opsz_min,24
SUSE,wght@900,/quant/opsz_max,48
Syne Mono,,/quant/opsz_min,5
Syne Mono,,/quant/opsz_max,24
Tektur,"wdth,wght@100,900",/quant/opsz_min,24
Tektur,"wdth,wght@100,900",/quant/opsz_max,48
Tektur,"wdth,wght@75,400",/quant/opsz_min,5
Tektur,"wdth,wght@75,400",/quant/opsz_max,24
Tektur,"wdth,wght@75,900",/quant/opsz_min,24
Tektur,"wdth,wght@75,900",/quant/opsz_max,48
Tilt Prism,,/quant/opsz_min,48
Tilt Prism,,/quant/opsz_max,300
Tinos,,/quant/opsz_min,5
Tinos,,/quant/opsz_max,24
Tourney,"wdth,wght@100,900",/quant/opsz_min,24
Tourney,"wdth,wght@100,900",/quant/opsz_max,48
Tourney,"wdth,wght@125,100",/quant/opsz_min,24
Tourney,"wdth,wght@125,100",/quant/opsz_max,48
Tourney,"wdth,wght@125,900",/quant/opsz_min,24
Tourney,"wdth,wght@125,900",/quant/opsz_max,48
Tourney,"wdth,wght@75,100",/quant/opsz_min,24
Tourney,"wdth,wght@75,100",/quant/opsz_max,48
Tourney,"wdth,wght@75,900",/quant/opsz_min,24
Tourney,"wdth,wght@75,900",/quant/opsz_max,48
Trispace,"wdth,wght@125,100",/quant/opsz_min,24
Trispace,"wdth,wght@125,100",/quant/opsz_max,48
Trispace,"wdth,wght@75,100",/quant/opsz_min,24
Trispace,"wdth,wght@75,100",/quant/opsz_max,48
Unbounded,wght@200,/quant/opsz_min,24
Unbounded,wght@200,/quant/opsz_max,48
Unbounded,wght@900,/quant/opsz_min,24
Unbounded,wght@900,/quant/opsz_max,48
Urbanist,wght@100,/quant/opsz_min,24
Urbanist,wght@100,/quant/opsz_max,48
Urbanist,wght@900,/quant/opsz_min,24
Urbanist,wght@900,/quant/opsz_max,48
Vazirmatn,wght@100,/quant/opsz_min,24
Vazirmatn,wght@100,/quant/opsz_max,48
Vazirmatn,wght@900,/quant/opsz_min,24
Vazirmatn,wght@900,/quant/opsz_max,48
Vina Sans,,/quant/opsz_min,24
Vina Sans,,/quant/opsz_max,48
Vollkorn,wght@900,/quant/opsz_min,24
Vollkorn,wght@900,/quant/opsz_max,48
Wavefont,"ROND,YELA,wght@0,-100,100",/quant/opsz_min,24
Wavefont,"ROND,YELA,wght@0,-100,100",/quant/opsz_max,48
Wavefont,"ROND,YELA,wght@0,-100,1000",/quant/opsz_min,24
Wavefont,"ROND,YELA,wght@0,-100,1000",/quant/opsz_max,48
Wavefont,"ROND,YELA,wght@0,-100,4",/quant/opsz_min,24
Wavefont,"ROND,YELA,wght@0,-100,4",/quant/opsz_max,48
Wavefont,"ROND,YELA,wght@0,100,100",/quant/opsz_min,24
Wavefont,"ROND,YELA,wght@0,100,100",/quant/opsz_max,48
Wavefont,"ROND,YELA,wght@0,100,1000",/quant/opsz_min,24
Wavefont,"ROND,YELA,wght@0,100,1000",/quant/opsz_max,48
Wavefont,"ROND,YELA,wght@0,100,4",/quant/opsz_min,24
Wavefont,"ROND,YELA,wght@0,100,4",/quant/opsz_max,48
Wavefont,"ROND,YELA,wght@100,-100,1000",/quant/opsz_min,24
Wavefont,"ROND,YELA,wght@100,-100,1000",/quant/opsz_max,48
Wavefont,"ROND,YELA,wght@100,-100,4",/quant/opsz_min,24
Wavefont,"ROND,YELA,wght@100,-100,4",/quant/opsz_max,48
Wavefont,"ROND,YELA,wght@100,100,100",/quant/opsz_min,24
Wavefont,"ROND,YELA,wght@100,100,100",/quant/opsz_max,48
Wavefont,"ROND,YELA,wght@100,100,1000",/quant/opsz_min,24
Wavefont,"ROND,YELA,wght@100,100,1000",/quant/opsz_max,48
Wavefont,"ROND,YELA,wght@100,100,4",/quant/opsz_min,24
Wavefont,"ROND,YELA,wght@100,100,4",/quant/opsz_max,48
Winky Rough,wght@900,/quant/opsz_min,24
Winky Rough,wght@900,/quant/opsz_max,48
Winky Sans,wght@900,/quant/opsz_min,24
Winky Sans,wght@900,/quant/opsz_max,48
Wittgenstein,wght@900,/quant/opsz_min,24
Wittgenstein,wght@900,/quant/opsz_max,48
Work Sans,wght@100,/quant/opsz_min,24
Work Sans,wght@100,/quant/opsz_max,48
Work Sans,wght@900,/quant/opsz_min,24
Work Sans,wght@900,/quant/opsz_max,48
Yeseva One,,/quant/opsz_min,24
Yeseva One,,/quant/opsz_max,48
Ysabeau,wght@1,/quant/opsz_min,24
Ysabeau,wght@1,/quant/opsz_max,48
Ysabeau,wght@1000,/quant/opsz_min,24
Ysabeau,wght@1000,/quant/opsz_max,48
Ysabeau Infant,wght@1,/quant/opsz_min,24
Ysabeau Infant,wght@1,/quant/opsz_max,48
Ysabeau Infant,wght@1000,/quant/opsz_min,24
Ysabeau Infant,wght@1000,/quant/opsz_max,48
Ysabeau Office,wght@1,/quant/opsz_min,24
Ysabeau Office,wght@1,/quant/opsz_max,48
Ysabeau Office,wght@1000,/quant/opsz_min,24
Ysabeau Office,wght@1000,/quant/opsz_max,48
Ysabeau SC,wght@1,/quant/opsz_min,24
Ysabeau SC,wght@1,/quant/opsz_max,48
Ysabeau SC,wght@1000,/quant/opsz_min,24
Ysabeau SC,wght@1000,/quant/opsz_max,48
Zalando Sans,"wdth,wght@100,200",/quant/opsz_min,24
Zalando Sans,"wdth,wght@100,200",/quant/opsz_max,48
Zalando Sans,"wdth,wght@100,900",/quant/opsz_min,24
Zalando Sans,"wdth,wght@100,900",/quant/opsz_max,48
Zalando Sans,"wdth,wght@125,200",/quant/opsz_min,24
Zalando Sans,"wdth,wght@125,200",/quant/opsz_max,48
Zalando Sans,"wdth,wght@125,900",/quant/opsz_min,24
Zalando Sans,"wdth,wght@125,900",/quant/opsz_max,48
Zalando Sans,"wdth,wght@75,200",/quant/opsz_min,24
Zalando Sans,"wdth,wght@75,200",/quant/opsz_max,48
Zalando Sans,"wdth,wght@75,900",/quant/opsz_min,24
Zalando Sans,"wdth,wght@75,900",/quant/opsz_max,48
Zalando Sans Expanded,wght@200,/quant/opsz_min,24
Zalando Sans Expanded,wght@200,/quant/opsz_max,48
Zalando Sans Expanded,wght@900,/quant/opsz_min,24
Zalando Sans Expanded,wght@900,/quant/opsz_max,48
Zalando Sans SemiExpanded,wght@200,/quant/opsz_min,24
Zalando Sans SemiExpanded,wght@200,/quant/opsz_max,48
Zalando Sans SemiExpanded,wght@900,/quant/opsz_min,24
Zalando Sans SemiExpanded,wght@900,/quant/opsz_max,48
